/home/pedro/behavioral-cloning-one-camera/Data/IMG/imagem232.jpg,-0.0,-0.0
/home/pedro/behavioral-cloning-one-camera/Data/IMG/imagem233.jpg,-0.0,-0.0
/home/pedro/behavioral-cloning-one-camera/Data/IMG/imagem234.jpg,-0.0,-0.0
/home/pedro/behavioral-cloning-one-camera/Data/IMG/imagem235.jpg,-0.0,-0.0
/home/pedro/behavioral-cloning-one-camera/Data/IMG/imagem236.jpg,-0.0,-0.0
/home/pedro/behavioral-cloning-one-camera/Data/IMG/imagem237.jpg,-0.0,-0.0
/home/pedro/behavioral-cloning-one-camera/Data/IMG/imagem238.jpg,-0.0,-0.0
/home/pedro/behavioral-cloning-one-camera/Data/IMG/imagem239.jpg,-0.0,-0.0
/home/pedro/behavioral-cloning-one-camera/Data/IMG/imagem240.jpg,0.016402311623096466,-0.0
/home/pedro/behavioral-cloning-one-camera/Data/IMG/imagem241.jpg,0.025384463369846344,-0.0
/home/pedro/behavioral-cloning-one-camera/Data/IMG/imagem242.jpg,0.0433487668633461,-0.0
/home/pedro/behavioral-cloning-one-camera/Data/IMG/imagem243.jpg,0.061313074082136154,-0.0
/home/pedro/behavioral-cloning-one-camera/Data/IMG/imagem244.jpg,0.07029522210359573,-0.0
/home/pedro/behavioral-cloning-one-camera/Data/IMG/imagem245.jpg,0.08825953304767609,-0.0
/home/pedro/behavioral-cloning-one-camera/Data/IMG/imagem246.jpg,0.09724168479442596,-0.0
/home/pedro/behavioral-cloning-one-camera/Data/IMG/imagem247.jpg,0.11520598828792572,-0.0
/home/pedro/behavioral-cloning-one-camera/Data/IMG/imagem248.jpg,0.1241881400346756,-0.0
/home/pedro/behavioral-cloning-one-camera/Data/IMG/imagem249.jpg,0.14215244352817535,-0.0
/home/pedro/behavioral-cloning-one-camera/Data/IMG/imagem250.jpg,0.1601167470216751,-0.0
/home/pedro/behavioral-cloning-one-camera/Data/IMG/imagem251.jpg,0.169098898768425,-0.0
/home/pedro/behavioral-cloning-one-camera/Data/IMG/imagem252.jpg,0.18706320226192474,-0.0
/home/pedro/behavioral-cloning-one-camera/Data/IMG/imagem253.jpg,0.19604535400867462,-0.0
/home/pedro/behavioral-cloning-one-camera/Data/IMG/imagem254.jpg,0.21400965750217438,-0.0
/home/pedro/behavioral-cloning-one-camera/Data/IMG/imagem255.jpg,0.23197396099567413,-0.0
/home/pedro/behavioral-cloning-one-camera/Data/IMG/imagem256.jpg,0.240956112742424,-0.0
/home/pedro/behavioral-cloning-one-camera/Data/IMG/imagem257.jpg,0.25895509123802185,-0.0
/home/pedro/behavioral-cloning-one-camera/Data/IMG/imagem258.jpg,0.26793724298477173,-0.0
/home/pedro/behavioral-cloning-one-camera/Data/IMG/imagem259.jpg,0.2859015464782715,-0.0
/home/pedro/behavioral-cloning-one-camera/Data/IMG/imagem260.jpg,0.29488369822502136,-0.0
/home/pedro/behavioral-cloning-one-camera/Data/IMG/imagem261.jpg,0.3128480017185211,-0.0
/home/pedro/behavioral-cloning-one-camera/Data/IMG/imagem262.jpg,0.3308123052120209,-0.0
/home/pedro/behavioral-cloning-one-camera/Data/IMG/imagem263.jpg,0.33979445695877075,-0.0
/home/pedro/behavioral-cloning-one-camera/Data/IMG/imagem264.jpg,0.3577587902545929,-0.0
/home/pedro/behavioral-cloning-one-camera/Data/IMG/imagem265.jpg,0.3667409420013428,-0.0
/home/pedro/behavioral-cloning-one-camera/Data/IMG/imagem266.jpg,0.3667409420013428,-0.0
/home/pedro/behavioral-cloning-one-camera/Data/IMG/imagem267.jpg,0.38470524549484253,-0.0
/home/pedro/behavioral-cloning-one-camera/Data/IMG/imagem268.jpg,0.38470524549484253,-0.0
/home/pedro/behavioral-cloning-one-camera/Data/IMG/imagem269.jpg,0.3936873972415924,-0.0
/home/pedro/behavioral-cloning-one-camera/Data/IMG/imagem270.jpg,0.41165170073509216,-0.0
/home/pedro/behavioral-cloning-one-camera/Data/IMG/imagem271.jpg,0.4296160042285919,-0.0
/home/pedro/behavioral-cloning-one-camera/Data/IMG/imagem272.jpg,0.4385981559753418,-0.0
/home/pedro/behavioral-cloning-one-camera/Data/IMG/imagem273.jpg,0.45656245946884155,-0.0
/home/pedro/behavioral-cloning-one-camera/Data/IMG/imagem274.jpg,0.46554461121559143,-0.0
/home/pedro/behavioral-cloning-one-camera/Data/IMG/imagem275.jpg,0.4835089147090912,-0.0
/home/pedro/behavioral-cloning-one-camera/Data/IMG/imagem276.jpg,0.5014731884002686,-0.0
/home/pedro/behavioral-cloning-one-camera/Data/IMG/imagem277.jpg,0.5014731884002686,-0.0
/home/pedro/behavioral-cloning-one-camera/Data/IMG/imagem278.jpg,0.5104553699493408,-0.0
/home/pedro/behavioral-cloning-one-camera/Data/IMG/imagem279.jpg,0.5284196734428406,-0.0
/home/pedro/behavioral-cloning-one-camera/Data/IMG/imagem280.jpg,0.5374017953872681,-0.0
/home/pedro/behavioral-cloning-one-camera/Data/IMG/imagem281.jpg,0.5553660988807678,-0.0
/home/pedro/behavioral-cloning-one-camera/Data/IMG/imagem282.jpg,0.5553660988807678,-0.0
/home/pedro/behavioral-cloning-one-camera/Data/IMG/imagem283.jpg,0.5643482804298401,-0.0
/home/pedro/behavioral-cloning-one-camera/Data/IMG/imagem284.jpg,0.5823125839233398,-0.0
/home/pedro/behavioral-cloning-one-camera/Data/IMG/imagem285.jpg,0.6002768874168396,-0.0
/home/pedro/behavioral-cloning-one-camera/Data/IMG/imagem286.jpg,0.6092590093612671,-0.0
/home/pedro/behavioral-cloning-one-camera/Data/IMG/imagem287.jpg,0.6092590093612671,-0.0
/home/pedro/behavioral-cloning-one-camera/Data/IMG/imagem288.jpg,0.6272580027580261,-0.0
/home/pedro/behavioral-cloning-one-camera/Data/IMG/imagem289.jpg,0.6362401843070984,-0.0
/home/pedro/behavioral-cloning-one-camera/Data/IMG/imagem290.jpg,0.6542044878005981,-0.0
/home/pedro/behavioral-cloning-one-camera/Data/IMG/imagem291.jpg,0.6631866097450256,-0.007350799161940813
/home/pedro/behavioral-cloning-one-camera/Data/IMG/imagem292.jpg,0.6631866097450256,-0.02531510405242443
/home/pedro/behavioral-cloning-one-camera/Data/IMG/imagem293.jpg,0.6811509132385254,-0.02531510405242443
/home/pedro/behavioral-cloning-one-camera/Data/IMG/imagem294.jpg,0.6811509132385254,-0.03429725766181946
/home/pedro/behavioral-cloning-one-camera/Data/IMG/imagem295.jpg,0.6991152167320251,-0.052261561155319214
/home/pedro/behavioral-cloning-one-camera/Data/IMG/imagem296.jpg,0.6991152167320251,-0.06124371290206909
/home/pedro/behavioral-cloning-one-camera/Data/IMG/imagem297.jpg,0.7080973982810974,-0.07920801639556885
/home/pedro/behavioral-cloning-one-camera/Data/IMG/imagem298.jpg,0.7260617017745972,-0.07920801639556885
/home/pedro/behavioral-cloning-one-camera/Data/IMG/imagem299.jpg,0.7260617017745972,-0.0971723198890686
/home/pedro/behavioral-cloning-one-camera/Data/IMG/imagem300.jpg,0.7350438237190247,-0.10615447163581848
/home/pedro/behavioral-cloning-one-camera/Data/IMG/imagem301.jpg,0.7530081272125244,-0.10615447163581848
/home/pedro/behavioral-cloning-one-camera/Data/IMG/imagem302.jpg,0.7709724307060242,-0.10615447163581848
/home/pedro/behavioral-cloning-one-camera/Data/IMG/imagem303.jpg,0.7799546122550964,-0.12411877512931824
/home/pedro/behavioral-cloning-one-camera/Data/IMG/imagem304.jpg,0.7979189157485962,-0.12411877512931824
/home/pedro/behavioral-cloning-one-camera/Data/IMG/imagem305.jpg,0.8069010376930237,-0.142083078622818
/home/pedro/behavioral-cloning-one-camera/Data/IMG/imagem306.jpg,0.8248654007911682,-0.142083078622818
/home/pedro/behavioral-cloning-one-camera/Data/IMG/imagem307.jpg,0.8518118262290955,-0.142083078622818
/home/pedro/behavioral-cloning-one-camera/Data/IMG/imagem308.jpg,0.8697761297225952,-0.142083078622818
/home/pedro/behavioral-cloning-one-camera/Data/IMG/imagem309.jpg,0.8787583112716675,-0.142083078622818
/home/pedro/behavioral-cloning-one-camera/Data/IMG/imagem310.jpg,0.9057047367095947,-0.15106523036956787
/home/pedro/behavioral-cloning-one-camera/Data/IMG/imagem311.jpg,0.9236690402030945,-0.15106523036956787
/home/pedro/behavioral-cloning-one-camera/Data/IMG/imagem312.jpg,0.9506155252456665,-0.15106523036956787
/home/pedro/behavioral-cloning-one-camera/Data/IMG/imagem313.jpg,0.9685798287391663,-0.15106523036956787
/home/pedro/behavioral-cloning-one-camera/Data/IMG/imagem314.jpg,0.9775619506835938,-0.15106523036956787
/home/pedro/behavioral-cloning-one-camera/Data/IMG/imagem315.jpg,0.9955262541770935,-0.15106523036956787
/home/pedro/behavioral-cloning-one-camera/Data/IMG/imagem316.jpg,1.0,-0.15106523036956787
/home/pedro/behavioral-cloning-one-camera/Data/IMG/imagem317.jpg,1.0,-0.10615447163581848
/home/pedro/behavioral-cloning-one-camera/Data/IMG/imagem318.jpg,0.9685798287391663,-0.0971723198890686
/home/pedro/behavioral-cloning-one-camera/Data/IMG/imagem319.jpg,0.9506155252456665,-0.0971723198890686
/home/pedro/behavioral-cloning-one-camera/Data/IMG/imagem320.jpg,0.9506155252456665,-0.07920801639556885
/home/pedro/behavioral-cloning-one-camera/Data/IMG/imagem321.jpg,0.9326512217521667,-0.07920801639556885
/home/pedro/behavioral-cloning-one-camera/Data/IMG/imagem322.jpg,0.9326512217521667,-0.06124371290206909
/home/pedro/behavioral-cloning-one-camera/Data/IMG/imagem323.jpg,0.9685798287391663,-0.06124371290206909
/home/pedro/behavioral-cloning-one-camera/Data/IMG/imagem324.jpg,0.9775619506835938,-0.06124371290206909
/home/pedro/behavioral-cloning-one-camera/Data/IMG/imagem325.jpg,0.9955262541770935,-0.06124371290206909
/home/pedro/behavioral-cloning-one-camera/Data/IMG/imagem326.jpg,0.9955262541770935,-0.0971723198890686
/home/pedro/behavioral-cloning-one-camera/Data/IMG/imagem327.jpg,1.0,-0.0971723198890686
/home/pedro/behavioral-cloning-one-camera/Data/IMG/imagem328.jpg,1.0,-0.06124371290206909
/home/pedro/behavioral-cloning-one-camera/Data/IMG/imagem329.jpg,1.0,-0.052261561155319214
/home/pedro/behavioral-cloning-one-camera/Data/IMG/imagem330.jpg,1.0,-0.03429725766181946
/home/pedro/behavioral-cloning-one-camera/Data/IMG/imagem331.jpg,1.0,-0.02531510405242443
/home/pedro/behavioral-cloning-one-camera/Data/IMG/imagem332.jpg,1.0,-0.007350799161940813
/home/pedro/behavioral-cloning-one-camera/Data/IMG/imagem333.jpg,1.0,-0.0
/home/pedro/behavioral-cloning-one-camera/Data/IMG/imagem334.jpg,1.0,-0.0
/home/pedro/behavioral-cloning-one-camera/Data/IMG/imagem335.jpg,1.0,-0.0
/home/pedro/behavioral-cloning-one-camera/Data/IMG/imagem336.jpg,1.0,-0.0
/home/pedro/behavioral-cloning-one-camera/Data/IMG/imagem337.jpg,1.0,-0.0
/home/pedro/behavioral-cloning-one-camera/Data/IMG/imagem338.jpg,1.0,-0.0
/home/pedro/behavioral-cloning-one-camera/Data/IMG/imagem339.jpg,1.0,-0.0
/home/pedro/behavioral-cloning-one-camera/Data/IMG/imagem340.jpg,1.0,-0.0
/home/pedro/behavioral-cloning-one-camera/Data/IMG/imagem341.jpg,1.0,-0.0
/home/pedro/behavioral-cloning-one-camera/Data/IMG/imagem342.jpg,1.0,-0.0
/home/pedro/behavioral-cloning-one-camera/Data/IMG/imagem343.jpg,1.0,-0.0
/home/pedro/behavioral-cloning-one-camera/Data/IMG/imagem344.jpg,1.0,-0.0
/home/pedro/behavioral-cloning-one-camera/Data/IMG/imagem345.jpg,1.0,-0.0
/home/pedro/behavioral-cloning-one-camera/Data/IMG/imagem346.jpg,1.0,-0.0
/home/pedro/behavioral-cloning-one-camera/Data/IMG/imagem347.jpg,1.0,-0.0
/home/pedro/behavioral-cloning-one-camera/Data/IMG/imagem348.jpg,1.0,-0.0
/home/pedro/behavioral-cloning-one-camera/Data/IMG/imagem349.jpg,1.0,-0.0
/home/pedro/behavioral-cloning-one-camera/Data/IMG/imagem350.jpg,1.0,-0.0
/home/pedro/behavioral-cloning-one-camera/Data/IMG/imagem351.jpg,1.0,-0.0
/home/pedro/behavioral-cloning-one-camera/Data/IMG/imagem352.jpg,1.0,0.016402311623096466
/home/pedro/behavioral-cloning-one-camera/Data/IMG/imagem353.jpg,1.0,0.025384463369846344
/home/pedro/behavioral-cloning-one-camera/Data/IMG/imagem354.jpg,1.0,0.0433487668633461
/home/pedro/behavioral-cloning-one-camera/Data/IMG/imagem355.jpg,1.0,0.052330922335386276
/home/pedro/behavioral-cloning-one-camera/Data/IMG/imagem356.jpg,1.0,0.07029522210359573
/home/pedro/behavioral-cloning-one-camera/Data/IMG/imagem357.jpg,1.0,0.08825953304767609
/home/pedro/behavioral-cloning-one-camera/Data/IMG/imagem358.jpg,1.0,0.09724168479442596
/home/pedro/behavioral-cloning-one-camera/Data/IMG/imagem359.jpg,1.0,0.11520598828792572
/home/pedro/behavioral-cloning-one-camera/Data/IMG/imagem360.jpg,1.0,0.13317029178142548
/home/pedro/behavioral-cloning-one-camera/Data/IMG/imagem361.jpg,1.0,0.14215244352817535
/home/pedro/behavioral-cloning-one-camera/Data/IMG/imagem362.jpg,1.0,0.1601167470216751
/home/pedro/behavioral-cloning-one-camera/Data/IMG/imagem363.jpg,1.0,0.17808105051517487
/home/pedro/behavioral-cloning-one-camera/Data/IMG/imagem364.jpg,1.0,0.18706320226192474
/home/pedro/behavioral-cloning-one-camera/Data/IMG/imagem365.jpg,1.0,0.2050275057554245
/home/pedro/behavioral-cloning-one-camera/Data/IMG/imagem366.jpg,1.0,0.22299180924892426
/home/pedro/behavioral-cloning-one-camera/Data/IMG/imagem367.jpg,1.0,0.23197396099567413
/home/pedro/behavioral-cloning-one-camera/Data/IMG/imagem368.jpg,1.0,0.24997295439243317
/home/pedro/behavioral-cloning-one-camera/Data/IMG/imagem369.jpg,1.0,0.26793724298477173
/home/pedro/behavioral-cloning-one-camera/Data/IMG/imagem370.jpg,1.0,0.2769193947315216
/home/pedro/behavioral-cloning-one-camera/Data/IMG/imagem371.jpg,1.0,0.29488369822502136
/home/pedro/behavioral-cloning-one-camera/Data/IMG/imagem372.jpg,1.0,0.3128480017185211
/home/pedro/behavioral-cloning-one-camera/Data/IMG/imagem373.jpg,1.0,0.321830153465271
/home/pedro/behavioral-cloning-one-camera/Data/IMG/imagem374.jpg,0.9685798287391663,0.321830153465271
/home/pedro/behavioral-cloning-one-camera/Data/IMG/imagem375.jpg,0.9685798287391663,0.33979445695877075
/home/pedro/behavioral-cloning-one-camera/Data/IMG/imagem376.jpg,0.9685798287391663,0.3577587902545929
/home/pedro/behavioral-cloning-one-camera/Data/IMG/imagem377.jpg,0.9506155252456665,0.3577587902545929
/home/pedro/behavioral-cloning-one-camera/Data/IMG/imagem378.jpg,0.9506155252456665,0.3667409420013428
/home/pedro/behavioral-cloning-one-camera/Data/IMG/imagem379.jpg,0.9326512217521667,0.38470524549484253
/home/pedro/behavioral-cloning-one-camera/Data/IMG/imagem380.jpg,0.9326512217521667,0.4026695489883423
/home/pedro/behavioral-cloning-one-camera/Data/IMG/imagem381.jpg,0.9326512217521667,0.41165170073509216
/home/pedro/behavioral-cloning-one-camera/Data/IMG/imagem382.jpg,0.9236690402030945,0.41165170073509216
/home/pedro/behavioral-cloning-one-camera/Data/IMG/imagem383.jpg,0.9236690402030945,0.4296160042285919
/home/pedro/behavioral-cloning-one-camera/Data/IMG/imagem384.jpg,0.9057047367095947,0.4475803077220917
/home/pedro/behavioral-cloning-one-camera/Data/IMG/imagem385.jpg,0.8967226147651672,0.4475803077220917
/home/pedro/behavioral-cloning-one-camera/Data/IMG/imagem386.jpg,0.9326512217521667,0.4475803077220917
/home/pedro/behavioral-cloning-one-camera/Data/IMG/imagem387.jpg,0.8967226147651672,0.4475803077220917
/home/pedro/behavioral-cloning-one-camera/Data/IMG/imagem388.jpg,0.8787583112716675,0.45656245946884155
/home/pedro/behavioral-cloning-one-camera/Data/IMG/imagem389.jpg,0.8697761297225952,0.4745267629623413
/home/pedro/behavioral-cloning-one-camera/Data/IMG/imagem390.jpg,0.8338475227355957,0.5194374918937683
/home/pedro/behavioral-cloning-one-camera/Data/IMG/imagem391.jpg,0.8069010376930237,0.5463839769363403
/home/pedro/behavioral-cloning-one-camera/Data/IMG/imagem392.jpg,0.7979189157485962,0.5733304023742676
/home/pedro/behavioral-cloning-one-camera/Data/IMG/imagem393.jpg,0.7709724307060242,0.6092590093612671
/home/pedro/behavioral-cloning-one-camera/Data/IMG/imagem394.jpg,0.7709724307060242,0.6631866097450256
/home/pedro/behavioral-cloning-one-camera/Data/IMG/imagem395.jpg,0.7530081272125244,0.6991152167320251
/home/pedro/behavioral-cloning-one-camera/Data/IMG/imagem396.jpg,0.7260617017745972,0.7080973982810974
/home/pedro/behavioral-cloning-one-camera/Data/IMG/imagem397.jpg,0.7080973982810974,0.7440260052680969
/home/pedro/behavioral-cloning-one-camera/Data/IMG/imagem398.jpg,0.6991152167320251,0.7530081272125244
/home/pedro/behavioral-cloning-one-camera/Data/IMG/imagem399.jpg,0.6811509132385254,0.7889367341995239
/home/pedro/behavioral-cloning-one-camera/Data/IMG/imagem400.jpg,0.6631866097450256,0.7979189157485962
/home/pedro/behavioral-cloning-one-camera/Data/IMG/imagem401.jpg,0.6362401843070984,0.7979189157485962
/home/pedro/behavioral-cloning-one-camera/Data/IMG/imagem402.jpg,0.6272580027580261,0.815883219242096
/home/pedro/behavioral-cloning-one-camera/Data/IMG/imagem403.jpg,0.6092590093612671,0.8338475227355957
/home/pedro/behavioral-cloning-one-camera/Data/IMG/imagem404.jpg,0.5823125839233398,0.8338475227355957
/home/pedro/behavioral-cloning-one-camera/Data/IMG/imagem405.jpg,0.5643482804298401,0.842829704284668
/home/pedro/behavioral-cloning-one-camera/Data/IMG/imagem406.jpg,0.5553660988807678,0.8607940077781677
/home/pedro/behavioral-cloning-one-camera/Data/IMG/imagem407.jpg,0.6002768874168396,0.8607940077781677
/home/pedro/behavioral-cloning-one-camera/Data/IMG/imagem408.jpg,0.6272580027580261,0.8607940077781677
/home/pedro/behavioral-cloning-one-camera/Data/IMG/imagem409.jpg,0.6631866097450256,0.8607940077781677
/home/pedro/behavioral-cloning-one-camera/Data/IMG/imagem410.jpg,0.6991152167320251,0.8607940077781677
/home/pedro/behavioral-cloning-one-camera/Data/IMG/imagem411.jpg,0.7260617017745972,0.7979189157485962
/home/pedro/behavioral-cloning-one-camera/Data/IMG/imagem412.jpg,0.7350438237190247,0.7530081272125244
/home/pedro/behavioral-cloning-one-camera/Data/IMG/imagem413.jpg,0.7709724307060242,0.7080973982810974
/home/pedro/behavioral-cloning-one-camera/Data/IMG/imagem414.jpg,0.7709724307060242,0.6631866097450256
/home/pedro/behavioral-cloning-one-camera/Data/IMG/imagem415.jpg,0.7799546122550964,0.5912947058677673
/home/pedro/behavioral-cloning-one-camera/Data/IMG/imagem416.jpg,0.7979189157485962,0.5284196734428406
/home/pedro/behavioral-cloning-one-camera/Data/IMG/imagem417.jpg,0.7979189157485962,0.45656245946884155
/home/pedro/behavioral-cloning-one-camera/Data/IMG/imagem418.jpg,0.7979189157485962,0.4026695489883423
/home/pedro/behavioral-cloning-one-camera/Data/IMG/imagem419.jpg,0.7979189157485962,0.3577587902545929
/home/pedro/behavioral-cloning-one-camera/Data/IMG/imagem420.jpg,0.7979189157485962,0.29488369822502136
/home/pedro/behavioral-cloning-one-camera/Data/IMG/imagem421.jpg,0.7979189157485962,0.24997295439243317
/home/pedro/behavioral-cloning-one-camera/Data/IMG/imagem422.jpg,0.8069010376930237,0.22299180924892426
/home/pedro/behavioral-cloning-one-camera/Data/IMG/imagem423.jpg,0.8069010376930237,0.2050275057554245
/home/pedro/behavioral-cloning-one-camera/Data/IMG/imagem424.jpg,0.8069010376930237,0.18706320226192474
/home/pedro/behavioral-cloning-one-camera/Data/IMG/imagem425.jpg,0.8248654007911682,0.17808105051517487
/home/pedro/behavioral-cloning-one-camera/Data/IMG/imagem426.jpg,0.8338475227355957,0.17808105051517487
/home/pedro/behavioral-cloning-one-camera/Data/IMG/imagem427.jpg,0.8518118262290955,0.17808105051517487
/home/pedro/behavioral-cloning-one-camera/Data/IMG/imagem428.jpg,0.8697761297225952,0.17808105051517487
/home/pedro/behavioral-cloning-one-camera/Data/IMG/imagem429.jpg,0.8967226147651672,0.17808105051517487
/home/pedro/behavioral-cloning-one-camera/Data/IMG/imagem430.jpg,0.9236690402030945,0.17808105051517487
/home/pedro/behavioral-cloning-one-camera/Data/IMG/imagem431.jpg,0.9506155252456665,0.17808105051517487
/home/pedro/behavioral-cloning-one-camera/Data/IMG/imagem432.jpg,0.9685798287391663,0.17808105051517487
/home/pedro/behavioral-cloning-one-camera/Data/IMG/imagem433.jpg,0.9955262541770935,0.17808105051517487
/home/pedro/behavioral-cloning-one-camera/Data/IMG/imagem434.jpg,1.0,0.17808105051517487
/home/pedro/behavioral-cloning-one-camera/Data/IMG/imagem435.jpg,1.0,0.1601167470216751
/home/pedro/behavioral-cloning-one-camera/Data/IMG/imagem436.jpg,1.0,0.13317029178142548
/home/pedro/behavioral-cloning-one-camera/Data/IMG/imagem437.jpg,1.0,0.09724168479442596
/home/pedro/behavioral-cloning-one-camera/Data/IMG/imagem438.jpg,1.0,0.08825953304767609
/home/pedro/behavioral-cloning-one-camera/Data/IMG/imagem439.jpg,1.0,0.07029522210359573
/home/pedro/behavioral-cloning-one-camera/Data/IMG/imagem440.jpg,1.0,0.0433487668633461
/home/pedro/behavioral-cloning-one-camera/Data/IMG/imagem441.jpg,1.0,0.016402311623096466
/home/pedro/behavioral-cloning-one-camera/Data/IMG/imagem442.jpg,1.0,-0.0
/home/pedro/behavioral-cloning-one-camera/Data/IMG/imagem443.jpg,1.0,-0.0
/home/pedro/behavioral-cloning-one-camera/Data/IMG/imagem444.jpg,1.0,-0.0
/home/pedro/behavioral-cloning-one-camera/Data/IMG/imagem445.jpg,1.0,-0.0
/home/pedro/behavioral-cloning-one-camera/Data/IMG/imagem446.jpg,1.0,-0.0
/home/pedro/behavioral-cloning-one-camera/Data/IMG/imagem447.jpg,1.0,-0.0
/home/pedro/behavioral-cloning-one-camera/Data/IMG/imagem448.jpg,1.0,-0.0
/home/pedro/behavioral-cloning-one-camera/Data/IMG/imagem449.jpg,1.0,-0.0
/home/pedro/behavioral-cloning-one-camera/Data/IMG/imagem450.jpg,1.0,-0.0
/home/pedro/behavioral-cloning-one-camera/Data/IMG/imagem451.jpg,1.0,-0.0
/home/pedro/behavioral-cloning-one-camera/Data/IMG/imagem452.jpg,1.0,-0.0
/home/pedro/behavioral-cloning-one-camera/Data/IMG/imagem453.jpg,1.0,-0.0
/home/pedro/behavioral-cloning-one-camera/Data/IMG/imagem454.jpg,1.0,-0.0
/home/pedro/behavioral-cloning-one-camera/Data/IMG/imagem455.jpg,1.0,-0.0
/home/pedro/behavioral-cloning-one-camera/Data/IMG/imagem456.jpg,1.0,-0.0
/home/pedro/behavioral-cloning-one-camera/Data/IMG/imagem457.jpg,1.0,-0.007350799161940813
/home/pedro/behavioral-cloning-one-camera/Data/IMG/imagem458.jpg,1.0,-0.02531510405242443
/home/pedro/behavioral-cloning-one-camera/Data/IMG/imagem459.jpg,1.0,-0.03429725766181946
/home/pedro/behavioral-cloning-one-camera/Data/IMG/imagem460.jpg,1.0,-0.052261561155319214
/home/pedro/behavioral-cloning-one-camera/Data/IMG/imagem461.jpg,1.0,-0.06124371290206909
/home/pedro/behavioral-cloning-one-camera/Data/IMG/imagem462.jpg,1.0,-0.07920801639556885
/home/pedro/behavioral-cloning-one-camera/Data/IMG/imagem463.jpg,1.0,-0.0971723198890686
/home/pedro/behavioral-cloning-one-camera/Data/IMG/imagem464.jpg,1.0,-0.10615447163581848
/home/pedro/behavioral-cloning-one-camera/Data/IMG/imagem465.jpg,1.0,-0.12411877512931824
/home/pedro/behavioral-cloning-one-camera/Data/IMG/imagem466.jpg,1.0,-0.142083078622818
/home/pedro/behavioral-cloning-one-camera/Data/IMG/imagem467.jpg,1.0,-0.15106523036956787
/home/pedro/behavioral-cloning-one-camera/Data/IMG/imagem468.jpg,1.0,-0.16902953386306763
/home/pedro/behavioral-cloning-one-camera/Data/IMG/imagem469.jpg,1.0,-0.18699383735656738
/home/pedro/behavioral-cloning-one-camera/Data/IMG/imagem470.jpg,1.0,-0.2139403074979782
/home/pedro/behavioral-cloning-one-camera/Data/IMG/imagem471.jpg,1.0,-0.23190461099147797
/home/pedro/behavioral-cloning-one-camera/Data/IMG/imagem472.jpg,1.0,-0.24088676273822784
/home/pedro/behavioral-cloning-one-camera/Data/IMG/imagem473.jpg,1.0,-0.2588857412338257
/home/pedro/behavioral-cloning-one-camera/Data/IMG/imagem474.jpg,1.0,-0.2858321964740753
/home/pedro/behavioral-cloning-one-camera/Data/IMG/imagem475.jpg,1.0,-0.3037964999675751
/home/pedro/behavioral-cloning-one-camera/Data/IMG/imagem476.jpg,0.9685798287391663,-0.3307429552078247
/home/pedro/behavioral-cloning-one-camera/Data/IMG/imagem477.jpg,0.9506155252456665,-0.35768941044807434
/home/pedro/behavioral-cloning-one-camera/Data/IMG/imagem478.jpg,0.9506155252456665,-0.3756537139415741
/home/pedro/behavioral-cloning-one-camera/Data/IMG/imagem479.jpg,0.9506155252456665,-0.39361801743507385
/home/pedro/behavioral-cloning-one-camera/Data/IMG/imagem480.jpg,0.9326512217521667,-0.39361801743507385
/home/pedro/behavioral-cloning-one-camera/Data/IMG/imagem481.jpg,0.9326512217521667,-0.40260016918182373
/home/pedro/behavioral-cloning-one-camera/Data/IMG/imagem482.jpg,0.9236690402030945,-0.40260016918182373
/home/pedro/behavioral-cloning-one-camera/Data/IMG/imagem483.jpg,0.9236690402030945,-0.4205644726753235
/home/pedro/behavioral-cloning-one-camera/Data/IMG/imagem484.jpg,0.9057047367095947,-0.4205644726753235
/home/pedro/behavioral-cloning-one-camera/Data/IMG/imagem485.jpg,0.9057047367095947,-0.42954662442207336
/home/pedro/behavioral-cloning-one-camera/Data/IMG/imagem486.jpg,0.8967226147651672,-0.42954662442207336
/home/pedro/behavioral-cloning-one-camera/Data/IMG/imagem487.jpg,0.8967226147651672,-0.4475109279155731
/home/pedro/behavioral-cloning-one-camera/Data/IMG/imagem488.jpg,0.8787583112716675,-0.4654752314090729
/home/pedro/behavioral-cloning-one-camera/Data/IMG/imagem489.jpg,0.8787583112716675,-0.47445738315582275
/home/pedro/behavioral-cloning-one-camera/Data/IMG/imagem490.jpg,0.8697761297225952,-0.4924216866493225
/home/pedro/behavioral-cloning-one-camera/Data/IMG/imagem491.jpg,0.8518118262290955,-0.5103859901428223
/home/pedro/behavioral-cloning-one-camera/Data/IMG/imagem492.jpg,0.8338475227355957,-0.5193681716918945
/home/pedro/behavioral-cloning-one-camera/Data/IMG/imagem493.jpg,0.8248654007911682,-0.5193681716918945
/home/pedro/behavioral-cloning-one-camera/Data/IMG/imagem494.jpg,0.8248654007911682,-0.5373324751853943
/home/pedro/behavioral-cloning-one-camera/Data/IMG/imagem495.jpg,0.8248654007911682,-0.555296778678894
/home/pedro/behavioral-cloning-one-camera/Data/IMG/imagem496.jpg,0.8697761297225952,-0.555296778678894
/home/pedro/behavioral-cloning-one-camera/Data/IMG/imagem497.jpg,0.8787583112716675,-0.555296778678894
/home/pedro/behavioral-cloning-one-camera/Data/IMG/imagem498.jpg,0.9057047367095947,-0.5103859901428223
/home/pedro/behavioral-cloning-one-camera/Data/IMG/imagem499.jpg,0.9685798287391663,-0.40260016918182373
/home/pedro/behavioral-cloning-one-camera/Data/IMG/imagem500.jpg,0.9775619506835938,-0.39361801743507385
/home/pedro/behavioral-cloning-one-camera/Data/IMG/imagem501.jpg,0.9955262541770935,-0.34870725870132446
/home/pedro/behavioral-cloning-one-camera/Data/IMG/imagem502.jpg,0.9955262541770935,-0.31277865171432495
/home/pedro/behavioral-cloning-one-camera/Data/IMG/imagem503.jpg,0.9955262541770935,-0.2858321964740753
/home/pedro/behavioral-cloning-one-camera/Data/IMG/imagem504.jpg,1.0,-0.26786789298057556
/home/pedro/behavioral-cloning-one-camera/Data/IMG/imagem505.jpg,1.0,-0.24088676273822784
/home/pedro/behavioral-cloning-one-camera/Data/IMG/imagem506.jpg,1.0,-0.23190461099147797
/home/pedro/behavioral-cloning-one-camera/Data/IMG/imagem507.jpg,1.0,-0.2139403074979782
/home/pedro/behavioral-cloning-one-camera/Data/IMG/imagem508.jpg,1.0,-0.18699383735656738
/home/pedro/behavioral-cloning-one-camera/Data/IMG/imagem509.jpg,1.0,-0.16902953386306763
/home/pedro/behavioral-cloning-one-camera/Data/IMG/imagem510.jpg,1.0,-0.15106523036956787
/home/pedro/behavioral-cloning-one-camera/Data/IMG/imagem511.jpg,1.0,-0.142083078622818
/home/pedro/behavioral-cloning-one-camera/Data/IMG/imagem512.jpg,1.0,-0.12411877512931824
/home/pedro/behavioral-cloning-one-camera/Data/IMG/imagem513.jpg,1.0,-0.10615447163581848
/home/pedro/behavioral-cloning-one-camera/Data/IMG/imagem514.jpg,1.0,-0.0971723198890686
/home/pedro/behavioral-cloning-one-camera/Data/IMG/imagem515.jpg,1.0,-0.07920801639556885
/home/pedro/behavioral-cloning-one-camera/Data/IMG/imagem516.jpg,1.0,-0.06124371290206909
/home/pedro/behavioral-cloning-one-camera/Data/IMG/imagem517.jpg,1.0,-0.052261561155319214
/home/pedro/behavioral-cloning-one-camera/Data/IMG/imagem518.jpg,1.0,-0.03429725766181946
/home/pedro/behavioral-cloning-one-camera/Data/IMG/imagem519.jpg,1.0,-0.02531510405242443
/home/pedro/behavioral-cloning-one-camera/Data/IMG/imagem520.jpg,1.0,-0.007350799161940813
/home/pedro/behavioral-cloning-one-camera/Data/IMG/imagem521.jpg,1.0,-0.0
/home/pedro/behavioral-cloning-one-camera/Data/IMG/imagem522.jpg,1.0,-0.0
/home/pedro/behavioral-cloning-one-camera/Data/IMG/imagem523.jpg,1.0,-0.0
/home/pedro/behavioral-cloning-one-camera/Data/IMG/imagem524.jpg,1.0,-0.0
/home/pedro/behavioral-cloning-one-camera/Data/IMG/imagem525.jpg,1.0,-0.0
/home/pedro/behavioral-cloning-one-camera/Data/IMG/imagem526.jpg,1.0,-0.0
/home/pedro/behavioral-cloning-one-camera/Data/IMG/imagem527.jpg,1.0,-0.0
/home/pedro/behavioral-cloning-one-camera/Data/IMG/imagem528.jpg,1.0,-0.0
/home/pedro/behavioral-cloning-one-camera/Data/IMG/imagem529.jpg,1.0,-0.0
/home/pedro/behavioral-cloning-one-camera/Data/IMG/imagem530.jpg,1.0,-0.0
/home/pedro/behavioral-cloning-one-camera/Data/IMG/imagem531.jpg,1.0,-0.0
/home/pedro/behavioral-cloning-one-camera/Data/IMG/imagem532.jpg,1.0,-0.0
/home/pedro/behavioral-cloning-one-camera/Data/IMG/imagem533.jpg,1.0,-0.0
/home/pedro/behavioral-cloning-one-camera/Data/IMG/imagem534.jpg,1.0,-0.0
/home/pedro/behavioral-cloning-one-camera/Data/IMG/imagem535.jpg,1.0,-0.0
/home/pedro/behavioral-cloning-one-camera/Data/IMG/imagem536.jpg,1.0,-0.0
/home/pedro/behavioral-cloning-one-camera/Data/IMG/imagem537.jpg,1.0,-0.0
/home/pedro/behavioral-cloning-one-camera/Data/IMG/imagem538.jpg,1.0,-0.0
/home/pedro/behavioral-cloning-one-camera/Data/IMG/imagem539.jpg,1.0,0.025384463369846344
/home/pedro/behavioral-cloning-one-camera/Data/IMG/imagem540.jpg,1.0,0.052330922335386276
/home/pedro/behavioral-cloning-one-camera/Data/IMG/imagem541.jpg,1.0,0.08825953304767609
/home/pedro/behavioral-cloning-one-camera/Data/IMG/imagem542.jpg,1.0,0.09724168479442596
/home/pedro/behavioral-cloning-one-camera/Data/IMG/imagem543.jpg,1.0,0.11520598828792572
/home/pedro/behavioral-cloning-one-camera/Data/IMG/imagem544.jpg,1.0,0.14215244352817535
/home/pedro/behavioral-cloning-one-camera/Data/IMG/imagem545.jpg,1.0,0.1601167470216751
/home/pedro/behavioral-cloning-one-camera/Data/IMG/imagem546.jpg,1.0,0.17808105051517487
/home/pedro/behavioral-cloning-one-camera/Data/IMG/imagem547.jpg,1.0,0.18706320226192474
/home/pedro/behavioral-cloning-one-camera/Data/IMG/imagem548.jpg,1.0,0.2050275057554245
/home/pedro/behavioral-cloning-one-camera/Data/IMG/imagem549.jpg,1.0,0.22299180924892426
/home/pedro/behavioral-cloning-one-camera/Data/IMG/imagem550.jpg,1.0,0.23197396099567413
/home/pedro/behavioral-cloning-one-camera/Data/IMG/imagem551.jpg,1.0,0.26793724298477173
/home/pedro/behavioral-cloning-one-camera/Data/IMG/imagem552.jpg,1.0,0.2769193947315216
/home/pedro/behavioral-cloning-one-camera/Data/IMG/imagem553.jpg,1.0,0.29488369822502136
/home/pedro/behavioral-cloning-one-camera/Data/IMG/imagem554.jpg,1.0,0.3128480017185211
/home/pedro/behavioral-cloning-one-camera/Data/IMG/imagem555.jpg,0.9685798287391663,0.33979445695877075
/home/pedro/behavioral-cloning-one-camera/Data/IMG/imagem556.jpg,0.9506155252456665,0.3577587902545929
/home/pedro/behavioral-cloning-one-camera/Data/IMG/imagem557.jpg,0.9506155252456665,0.3667409420013428
/home/pedro/behavioral-cloning-one-camera/Data/IMG/imagem558.jpg,0.9326512217521667,0.38470524549484253
/home/pedro/behavioral-cloning-one-camera/Data/IMG/imagem559.jpg,0.9326512217521667,0.4026695489883423
/home/pedro/behavioral-cloning-one-camera/Data/IMG/imagem560.jpg,0.9326512217521667,0.41165170073509216
/home/pedro/behavioral-cloning-one-camera/Data/IMG/imagem561.jpg,0.9236690402030945,0.41165170073509216
/home/pedro/behavioral-cloning-one-camera/Data/IMG/imagem562.jpg,0.9236690402030945,0.4296160042285919
/home/pedro/behavioral-cloning-one-camera/Data/IMG/imagem563.jpg,0.9057047367095947,0.4296160042285919
/home/pedro/behavioral-cloning-one-camera/Data/IMG/imagem564.jpg,0.9057047367095947,0.4475803077220917
/home/pedro/behavioral-cloning-one-camera/Data/IMG/imagem565.jpg,0.8967226147651672,0.4475803077220917
/home/pedro/behavioral-cloning-one-camera/Data/IMG/imagem566.jpg,0.9326512217521667,0.4475803077220917
/home/pedro/behavioral-cloning-one-camera/Data/IMG/imagem567.jpg,0.9506155252456665,0.4475803077220917
/home/pedro/behavioral-cloning-one-camera/Data/IMG/imagem568.jpg,0.9685798287391663,0.4475803077220917
/home/pedro/behavioral-cloning-one-camera/Data/IMG/imagem569.jpg,0.9685798287391663,0.41165170073509216
/home/pedro/behavioral-cloning-one-camera/Data/IMG/imagem570.jpg,0.9775619506835938,0.41165170073509216
/home/pedro/behavioral-cloning-one-camera/Data/IMG/imagem571.jpg,0.9775619506835938,0.4026695489883423
/home/pedro/behavioral-cloning-one-camera/Data/IMG/imagem572.jpg,0.9775619506835938,0.38470524549484253
/home/pedro/behavioral-cloning-one-camera/Data/IMG/imagem573.jpg,0.9775619506835938,0.3667409420013428
/home/pedro/behavioral-cloning-one-camera/Data/IMG/imagem574.jpg,0.9775619506835938,0.3577587902545929
/home/pedro/behavioral-cloning-one-camera/Data/IMG/imagem575.jpg,0.9955262541770935,0.3577587902545929
/home/pedro/behavioral-cloning-one-camera/Data/IMG/imagem576.jpg,0.9955262541770935,0.33979445695877075
/home/pedro/behavioral-cloning-one-camera/Data/IMG/imagem577.jpg,0.9955262541770935,0.321830153465271
/home/pedro/behavioral-cloning-one-camera/Data/IMG/imagem578.jpg,0.9955262541770935,0.3128480017185211
/home/pedro/behavioral-cloning-one-camera/Data/IMG/imagem579.jpg,1.0,0.29488369822502136
/home/pedro/behavioral-cloning-one-camera/Data/IMG/imagem580.jpg,1.0,0.2769193947315216
/home/pedro/behavioral-cloning-one-camera/Data/IMG/imagem581.jpg,1.0,0.26793724298477173
/home/pedro/behavioral-cloning-one-camera/Data/IMG/imagem582.jpg,1.0,0.24997295439243317
/home/pedro/behavioral-cloning-one-camera/Data/IMG/imagem583.jpg,1.0,0.23197396099567413
/home/pedro/behavioral-cloning-one-camera/Data/IMG/imagem584.jpg,1.0,0.22299180924892426
/home/pedro/behavioral-cloning-one-camera/Data/IMG/imagem585.jpg,1.0,0.2050275057554245
/home/pedro/behavioral-cloning-one-camera/Data/IMG/imagem586.jpg,1.0,0.18706320226192474
/home/pedro/behavioral-cloning-one-camera/Data/IMG/imagem587.jpg,1.0,0.17808105051517487
/home/pedro/behavioral-cloning-one-camera/Data/IMG/imagem588.jpg,1.0,0.1601167470216751
/home/pedro/behavioral-cloning-one-camera/Data/IMG/imagem589.jpg,1.0,0.14215244352817535
/home/pedro/behavioral-cloning-one-camera/Data/IMG/imagem590.jpg,1.0,0.13317029178142548
/home/pedro/behavioral-cloning-one-camera/Data/IMG/imagem591.jpg,1.0,0.11520598828792572
/home/pedro/behavioral-cloning-one-camera/Data/IMG/imagem592.jpg,1.0,0.09724168479442596
/home/pedro/behavioral-cloning-one-camera/Data/IMG/imagem593.jpg,1.0,0.08825953304767609
/home/pedro/behavioral-cloning-one-camera/Data/IMG/imagem594.jpg,1.0,0.07029522210359573
/home/pedro/behavioral-cloning-one-camera/Data/IMG/imagem595.jpg,1.0,0.052330922335386276
/home/pedro/behavioral-cloning-one-camera/Data/IMG/imagem596.jpg,1.0,0.08825953304767609
/home/pedro/behavioral-cloning-one-camera/Data/IMG/imagem597.jpg,1.0,0.09724168479442596
/home/pedro/behavioral-cloning-one-camera/Data/IMG/imagem598.jpg,1.0,0.11520598828792572
/home/pedro/behavioral-cloning-one-camera/Data/IMG/imagem599.jpg,1.0,0.13317029178142548
/home/pedro/behavioral-cloning-one-camera/Data/IMG/imagem600.jpg,1.0,0.14215244352817535
/home/pedro/behavioral-cloning-one-camera/Data/IMG/imagem601.jpg,1.0,0.1601167470216751
/home/pedro/behavioral-cloning-one-camera/Data/IMG/imagem602.jpg,1.0,0.17808105051517487
/home/pedro/behavioral-cloning-one-camera/Data/IMG/imagem603.jpg,1.0,0.18706320226192474
/home/pedro/behavioral-cloning-one-camera/Data/IMG/imagem604.jpg,1.0,0.2050275057554245
/home/pedro/behavioral-cloning-one-camera/Data/IMG/imagem605.jpg,1.0,0.22299180924892426
/home/pedro/behavioral-cloning-one-camera/Data/IMG/imagem606.jpg,1.0,0.23197396099567413
/home/pedro/behavioral-cloning-one-camera/Data/IMG/imagem607.jpg,1.0,0.24997295439243317
/home/pedro/behavioral-cloning-one-camera/Data/IMG/imagem608.jpg,1.0,0.26793724298477173
/home/pedro/behavioral-cloning-one-camera/Data/IMG/imagem609.jpg,1.0,0.2769193947315216
/home/pedro/behavioral-cloning-one-camera/Data/IMG/imagem610.jpg,1.0,0.29488369822502136
/home/pedro/behavioral-cloning-one-camera/Data/IMG/imagem611.jpg,1.0,0.3128480017185211
/home/pedro/behavioral-cloning-one-camera/Data/IMG/imagem612.jpg,1.0,0.321830153465271
/home/pedro/behavioral-cloning-one-camera/Data/IMG/imagem613.jpg,0.9685798287391663,0.321830153465271
/home/pedro/behavioral-cloning-one-camera/Data/IMG/imagem614.jpg,0.9685798287391663,0.33979445695877075
/home/pedro/behavioral-cloning-one-camera/Data/IMG/imagem615.jpg,0.9685798287391663,0.3577587902545929
/home/pedro/behavioral-cloning-one-camera/Data/IMG/imagem616.jpg,0.9506155252456665,0.3577587902545929
/home/pedro/behavioral-cloning-one-camera/Data/IMG/imagem617.jpg,0.9955262541770935,0.3577587902545929
/home/pedro/behavioral-cloning-one-camera/Data/IMG/imagem618.jpg,0.9955262541770935,0.321830153465271
/home/pedro/behavioral-cloning-one-camera/Data/IMG/imagem619.jpg,0.9955262541770935,0.3128480017185211
/home/pedro/behavioral-cloning-one-camera/Data/IMG/imagem620.jpg,0.9955262541770935,0.29488369822502136
/home/pedro/behavioral-cloning-one-camera/Data/IMG/imagem621.jpg,1.0,0.2769193947315216
/home/pedro/behavioral-cloning-one-camera/Data/IMG/imagem622.jpg,1.0,0.26793724298477173
/home/pedro/behavioral-cloning-one-camera/Data/IMG/imagem623.jpg,1.0,0.24997295439243317
/home/pedro/behavioral-cloning-one-camera/Data/IMG/imagem624.jpg,1.0,0.23197396099567413
/home/pedro/behavioral-cloning-one-camera/Data/IMG/imagem625.jpg,1.0,0.2050275057554245
/home/pedro/behavioral-cloning-one-camera/Data/IMG/imagem626.jpg,1.0,0.18706320226192474
/home/pedro/behavioral-cloning-one-camera/Data/IMG/imagem627.jpg,1.0,0.17808105051517487
/home/pedro/behavioral-cloning-one-camera/Data/IMG/imagem628.jpg,1.0,0.1601167470216751
/home/pedro/behavioral-cloning-one-camera/Data/IMG/imagem629.jpg,1.0,0.14215244352817535
/home/pedro/behavioral-cloning-one-camera/Data/IMG/imagem630.jpg,1.0,0.13317029178142548
/home/pedro/behavioral-cloning-one-camera/Data/IMG/imagem631.jpg,1.0,0.17808105051517487
/home/pedro/behavioral-cloning-one-camera/Data/IMG/imagem632.jpg,1.0,0.18706320226192474
/home/pedro/behavioral-cloning-one-camera/Data/IMG/imagem633.jpg,1.0,0.2050275057554245
/home/pedro/behavioral-cloning-one-camera/Data/IMG/imagem634.jpg,1.0,0.22299180924892426
/home/pedro/behavioral-cloning-one-camera/Data/IMG/imagem635.jpg,1.0,0.23197396099567413
/home/pedro/behavioral-cloning-one-camera/Data/IMG/imagem636.jpg,1.0,0.24997295439243317
/home/pedro/behavioral-cloning-one-camera/Data/IMG/imagem637.jpg,1.0,0.26793724298477173
/home/pedro/behavioral-cloning-one-camera/Data/IMG/imagem638.jpg,1.0,0.2769193947315216
/home/pedro/behavioral-cloning-one-camera/Data/IMG/imagem639.jpg,1.0,0.29488369822502136
/home/pedro/behavioral-cloning-one-camera/Data/IMG/imagem640.jpg,1.0,0.3128480017185211
/home/pedro/behavioral-cloning-one-camera/Data/IMG/imagem641.jpg,1.0,0.321830153465271
/home/pedro/behavioral-cloning-one-camera/Data/IMG/imagem642.jpg,0.9685798287391663,0.321830153465271
/home/pedro/behavioral-cloning-one-camera/Data/IMG/imagem643.jpg,0.9685798287391663,0.33979445695877075
/home/pedro/behavioral-cloning-one-camera/Data/IMG/imagem644.jpg,0.9685798287391663,0.3577587902545929
/home/pedro/behavioral-cloning-one-camera/Data/IMG/imagem645.jpg,0.9506155252456665,0.3577587902545929
/home/pedro/behavioral-cloning-one-camera/Data/IMG/imagem646.jpg,0.9955262541770935,0.3577587902545929
/home/pedro/behavioral-cloning-one-camera/Data/IMG/imagem647.jpg,0.9955262541770935,0.321830153465271
/home/pedro/behavioral-cloning-one-camera/Data/IMG/imagem648.jpg,0.9955262541770935,0.3128480017185211
/home/pedro/behavioral-cloning-one-camera/Data/IMG/imagem649.jpg,0.9955262541770935,0.29488369822502136
/home/pedro/behavioral-cloning-one-camera/Data/IMG/imagem650.jpg,1.0,0.2769193947315216
/home/pedro/behavioral-cloning-one-camera/Data/IMG/imagem651.jpg,1.0,0.26793724298477173
/home/pedro/behavioral-cloning-one-camera/Data/IMG/imagem652.jpg,1.0,0.23197396099567413
/home/pedro/behavioral-cloning-one-camera/Data/IMG/imagem653.jpg,1.0,0.22299180924892426
/home/pedro/behavioral-cloning-one-camera/Data/IMG/imagem654.jpg,1.0,0.2050275057554245
/home/pedro/behavioral-cloning-one-camera/Data/IMG/imagem655.jpg,1.0,0.18706320226192474
/home/pedro/behavioral-cloning-one-camera/Data/IMG/imagem656.jpg,1.0,0.17808105051517487
/home/pedro/behavioral-cloning-one-camera/Data/IMG/imagem657.jpg,1.0,0.1601167470216751
/home/pedro/behavioral-cloning-one-camera/Data/IMG/imagem658.jpg,1.0,0.14215244352817535
/home/pedro/behavioral-cloning-one-camera/Data/IMG/imagem659.jpg,1.0,0.13317029178142548
/home/pedro/behavioral-cloning-one-camera/Data/IMG/imagem660.jpg,1.0,0.11520598828792572
/home/pedro/behavioral-cloning-one-camera/Data/IMG/imagem661.jpg,1.0,0.09724168479442596
/home/pedro/behavioral-cloning-one-camera/Data/IMG/imagem662.jpg,1.0,0.08825953304767609
/home/pedro/behavioral-cloning-one-camera/Data/IMG/imagem663.jpg,1.0,0.07029522210359573
/home/pedro/behavioral-cloning-one-camera/Data/IMG/imagem664.jpg,1.0,0.052330922335386276
/home/pedro/behavioral-cloning-one-camera/Data/IMG/imagem665.jpg,1.0,0.0433487668633461
/home/pedro/behavioral-cloning-one-camera/Data/IMG/imagem666.jpg,1.0,0.025384463369846344
/home/pedro/behavioral-cloning-one-camera/Data/IMG/imagem667.jpg,1.0,0.016402311623096466
/home/pedro/behavioral-cloning-one-camera/Data/IMG/imagem668.jpg,1.0,-0.0
/home/pedro/behavioral-cloning-one-camera/Data/IMG/imagem669.jpg,1.0,-0.0
/home/pedro/behavioral-cloning-one-camera/Data/IMG/imagem670.jpg,1.0,-0.0
/home/pedro/behavioral-cloning-one-camera/Data/IMG/imagem671.jpg,1.0,-0.0
/home/pedro/behavioral-cloning-one-camera/Data/IMG/imagem672.jpg,1.0,-0.0
/home/pedro/behavioral-cloning-one-camera/Data/IMG/imagem673.jpg,1.0,-0.0
/home/pedro/behavioral-cloning-one-camera/Data/IMG/imagem674.jpg,1.0,-0.0
/home/pedro/behavioral-cloning-one-camera/Data/IMG/imagem675.jpg,1.0,-0.0
/home/pedro/behavioral-cloning-one-camera/Data/IMG/imagem676.jpg,1.0,-0.0
/home/pedro/behavioral-cloning-one-camera/Data/IMG/imagem677.jpg,1.0,-0.0
/home/pedro/behavioral-cloning-one-camera/Data/IMG/imagem678.jpg,1.0,-0.0
/home/pedro/behavioral-cloning-one-camera/Data/IMG/imagem679.jpg,1.0,-0.0
/home/pedro/behavioral-cloning-one-camera/Data/IMG/imagem680.jpg,1.0,-0.0
/home/pedro/behavioral-cloning-one-camera/Data/IMG/imagem681.jpg,1.0,-0.0
/home/pedro/behavioral-cloning-one-camera/Data/IMG/imagem682.jpg,1.0,-0.0
/home/pedro/behavioral-cloning-one-camera/Data/IMG/imagem683.jpg,1.0,-0.0
/home/pedro/behavioral-cloning-one-camera/Data/IMG/imagem684.jpg,1.0,-0.0
/home/pedro/behavioral-cloning-one-camera/Data/IMG/imagem685.jpg,1.0,-0.0
/home/pedro/behavioral-cloning-one-camera/Data/IMG/imagem686.jpg,1.0,-0.0
/home/pedro/behavioral-cloning-one-camera/Data/IMG/imagem687.jpg,1.0,0.016402311623096466
/home/pedro/behavioral-cloning-one-camera/Data/IMG/imagem688.jpg,1.0,0.025384463369846344
/home/pedro/behavioral-cloning-one-camera/Data/IMG/imagem689.jpg,1.0,0.0433487668633461
/home/pedro/behavioral-cloning-one-camera/Data/IMG/imagem690.jpg,1.0,0.052330922335386276
/home/pedro/behavioral-cloning-one-camera/Data/IMG/imagem691.jpg,1.0,0.07029522210359573
/home/pedro/behavioral-cloning-one-camera/Data/IMG/imagem692.jpg,1.0,0.08825953304767609
/home/pedro/behavioral-cloning-one-camera/Data/IMG/imagem693.jpg,1.0,0.09724168479442596
/home/pedro/behavioral-cloning-one-camera/Data/IMG/imagem694.jpg,1.0,0.11520598828792572
/home/pedro/behavioral-cloning-one-camera/Data/IMG/imagem695.jpg,1.0,0.13317029178142548
/home/pedro/behavioral-cloning-one-camera/Data/IMG/imagem696.jpg,1.0,0.14215244352817535
/home/pedro/behavioral-cloning-one-camera/Data/IMG/imagem697.jpg,1.0,0.1601167470216751
/home/pedro/behavioral-cloning-one-camera/Data/IMG/imagem698.jpg,1.0,0.17808105051517487
/home/pedro/behavioral-cloning-one-camera/Data/IMG/imagem699.jpg,1.0,0.18706320226192474
/home/pedro/behavioral-cloning-one-camera/Data/IMG/imagem700.jpg,1.0,0.2050275057554245
/home/pedro/behavioral-cloning-one-camera/Data/IMG/imagem701.jpg,1.0,0.22299180924892426
/home/pedro/behavioral-cloning-one-camera/Data/IMG/imagem702.jpg,1.0,0.23197396099567413
/home/pedro/behavioral-cloning-one-camera/Data/IMG/imagem703.jpg,1.0,0.24997295439243317
/home/pedro/behavioral-cloning-one-camera/Data/IMG/imagem704.jpg,1.0,0.26793724298477173
/home/pedro/behavioral-cloning-one-camera/Data/IMG/imagem705.jpg,1.0,0.2769193947315216
/home/pedro/behavioral-cloning-one-camera/Data/IMG/imagem706.jpg,1.0,0.29488369822502136
/home/pedro/behavioral-cloning-one-camera/Data/IMG/imagem707.jpg,1.0,0.3128480017185211
/home/pedro/behavioral-cloning-one-camera/Data/IMG/imagem708.jpg,1.0,0.321830153465271
/home/pedro/behavioral-cloning-one-camera/Data/IMG/imagem709.jpg,0.9685798287391663,0.321830153465271
/home/pedro/behavioral-cloning-one-camera/Data/IMG/imagem710.jpg,0.9685798287391663,0.33979445695877075
/home/pedro/behavioral-cloning-one-camera/Data/IMG/imagem711.jpg,0.9685798287391663,0.3577587902545929
/home/pedro/behavioral-cloning-one-camera/Data/IMG/imagem712.jpg,0.9685798287391663,0.3667409420013428
/home/pedro/behavioral-cloning-one-camera/Data/IMG/imagem713.jpg,0.9506155252456665,0.3667409420013428
/home/pedro/behavioral-cloning-one-camera/Data/IMG/imagem714.jpg,0.9506155252456665,0.38470524549484253
/home/pedro/behavioral-cloning-one-camera/Data/IMG/imagem715.jpg,0.9506155252456665,0.4026695489883423
/home/pedro/behavioral-cloning-one-camera/Data/IMG/imagem716.jpg,0.9326512217521667,0.41165170073509216
/home/pedro/behavioral-cloning-one-camera/Data/IMG/imagem717.jpg,0.9236690402030945,0.41165170073509216
/home/pedro/behavioral-cloning-one-camera/Data/IMG/imagem718.jpg,0.9236690402030945,0.4296160042285919
/home/pedro/behavioral-cloning-one-camera/Data/IMG/imagem719.jpg,0.9057047367095947,0.4475803077220917
/home/pedro/behavioral-cloning-one-camera/Data/IMG/imagem720.jpg,0.8967226147651672,0.4475803077220917
/home/pedro/behavioral-cloning-one-camera/Data/IMG/imagem721.jpg,0.8967226147651672,0.45656245946884155
/home/pedro/behavioral-cloning-one-camera/Data/IMG/imagem722.jpg,0.8787583112716675,0.45656245946884155
/home/pedro/behavioral-cloning-one-camera/Data/IMG/imagem723.jpg,0.8787583112716675,0.4745267629623413
/home/pedro/behavioral-cloning-one-camera/Data/IMG/imagem724.jpg,0.8697761297225952,0.4745267629623413
/home/pedro/behavioral-cloning-one-camera/Data/IMG/imagem725.jpg,0.9057047367095947,0.4745267629623413
/home/pedro/behavioral-cloning-one-camera/Data/IMG/imagem726.jpg,0.9236690402030945,0.4745267629623413
/home/pedro/behavioral-cloning-one-camera/Data/IMG/imagem727.jpg,0.9326512217521667,0.4745267629623413
/home/pedro/behavioral-cloning-one-camera/Data/IMG/imagem728.jpg,0.9506155252456665,0.4745267629623413
/home/pedro/behavioral-cloning-one-camera/Data/IMG/imagem729.jpg,0.9685798287391663,0.4296160042285919
/home/pedro/behavioral-cloning-one-camera/Data/IMG/imagem730.jpg,0.9685798287391663,0.41165170073509216
/home/pedro/behavioral-cloning-one-camera/Data/IMG/imagem731.jpg,0.9775619506835938,0.38470524549484253
/home/pedro/behavioral-cloning-one-camera/Data/IMG/imagem732.jpg,0.9775619506835938,0.3667409420013428
/home/pedro/behavioral-cloning-one-camera/Data/IMG/imagem733.jpg,0.9775619506835938,0.3577587902545929
/home/pedro/behavioral-cloning-one-camera/Data/IMG/imagem734.jpg,0.9955262541770935,0.33979445695877075
/home/pedro/behavioral-cloning-one-camera/Data/IMG/imagem735.jpg,0.9955262541770935,0.321830153465271
/home/pedro/behavioral-cloning-one-camera/Data/IMG/imagem736.jpg,0.9955262541770935,0.3128480017185211
/home/pedro/behavioral-cloning-one-camera/Data/IMG/imagem737.jpg,0.9955262541770935,0.29488369822502136
/home/pedro/behavioral-cloning-one-camera/Data/IMG/imagem738.jpg,1.0,0.2769193947315216
/home/pedro/behavioral-cloning-one-camera/Data/IMG/imagem739.jpg,1.0,0.26793724298477173
/home/pedro/behavioral-cloning-one-camera/Data/IMG/imagem740.jpg,1.0,0.24997295439243317
/home/pedro/behavioral-cloning-one-camera/Data/IMG/imagem741.jpg,1.0,0.23197396099567413
/home/pedro/behavioral-cloning-one-camera/Data/IMG/imagem742.jpg,1.0,0.22299180924892426
/home/pedro/behavioral-cloning-one-camera/Data/IMG/imagem743.jpg,1.0,0.2050275057554245
/home/pedro/behavioral-cloning-one-camera/Data/IMG/imagem744.jpg,1.0,0.18706320226192474
/home/pedro/behavioral-cloning-one-camera/Data/IMG/imagem745.jpg,1.0,0.17808105051517487
/home/pedro/behavioral-cloning-one-camera/Data/IMG/imagem746.jpg,1.0,0.1601167470216751
/home/pedro/behavioral-cloning-one-camera/Data/IMG/imagem747.jpg,1.0,0.14215244352817535
/home/pedro/behavioral-cloning-one-camera/Data/IMG/imagem748.jpg,1.0,0.13317029178142548
/home/pedro/behavioral-cloning-one-camera/Data/IMG/imagem749.jpg,1.0,0.11520598828792572
/home/pedro/behavioral-cloning-one-camera/Data/IMG/imagem750.jpg,1.0,0.09724168479442596
/home/pedro/behavioral-cloning-one-camera/Data/IMG/imagem751.jpg,1.0,0.08825953304767609
/home/pedro/behavioral-cloning-one-camera/Data/IMG/imagem752.jpg,1.0,0.07029522210359573
/home/pedro/behavioral-cloning-one-camera/Data/IMG/imagem753.jpg,1.0,0.052330922335386276
/home/pedro/behavioral-cloning-one-camera/Data/IMG/imagem754.jpg,1.0,0.025384463369846344
/home/pedro/behavioral-cloning-one-camera/Data/IMG/imagem755.jpg,1.0,0.016402311623096466
/home/pedro/behavioral-cloning-one-camera/Data/IMG/imagem756.jpg,1.0,-0.0
/home/pedro/behavioral-cloning-one-camera/Data/IMG/imagem757.jpg,1.0,-0.0
/home/pedro/behavioral-cloning-one-camera/Data/IMG/imagem758.jpg,1.0,-0.0
/home/pedro/behavioral-cloning-one-camera/Data/IMG/imagem759.jpg,1.0,-0.0
/home/pedro/behavioral-cloning-one-camera/Data/IMG/imagem760.jpg,1.0,-0.0
/home/pedro/behavioral-cloning-one-camera/Data/IMG/imagem761.jpg,1.0,-0.0
/home/pedro/behavioral-cloning-one-camera/Data/IMG/imagem762.jpg,1.0,-0.0
/home/pedro/behavioral-cloning-one-camera/Data/IMG/imagem763.jpg,1.0,-0.0
/home/pedro/behavioral-cloning-one-camera/Data/IMG/imagem764.jpg,1.0,-0.0
/home/pedro/behavioral-cloning-one-camera/Data/IMG/imagem765.jpg,1.0,-0.0
/home/pedro/behavioral-cloning-one-camera/Data/IMG/imagem766.jpg,1.0,-0.0
/home/pedro/behavioral-cloning-one-camera/Data/IMG/imagem767.jpg,1.0,-0.0
/home/pedro/behavioral-cloning-one-camera/Data/IMG/imagem768.jpg,1.0,-0.0
/home/pedro/behavioral-cloning-one-camera/Data/IMG/imagem769.jpg,1.0,-0.0
/home/pedro/behavioral-cloning-one-camera/Data/IMG/imagem770.jpg,1.0,-0.0
/home/pedro/behavioral-cloning-one-camera/Data/IMG/imagem771.jpg,1.0,-0.0
/home/pedro/behavioral-cloning-one-camera/Data/IMG/imagem772.jpg,1.0,0.016402311623096466
/home/pedro/behavioral-cloning-one-camera/Data/IMG/imagem773.jpg,1.0,0.025384463369846344
/home/pedro/behavioral-cloning-one-camera/Data/IMG/imagem774.jpg,1.0,0.0433487668633461
/home/pedro/behavioral-cloning-one-camera/Data/IMG/imagem775.jpg,1.0,0.052330922335386276
/home/pedro/behavioral-cloning-one-camera/Data/IMG/imagem776.jpg,1.0,0.07029522210359573
/home/pedro/behavioral-cloning-one-camera/Data/IMG/imagem777.jpg,1.0,0.08825953304767609
/home/pedro/behavioral-cloning-one-camera/Data/IMG/imagem778.jpg,1.0,0.09724168479442596
/home/pedro/behavioral-cloning-one-camera/Data/IMG/imagem779.jpg,1.0,0.11520598828792572
/home/pedro/behavioral-cloning-one-camera/Data/IMG/imagem780.jpg,1.0,0.13317029178142548
/home/pedro/behavioral-cloning-one-camera/Data/IMG/imagem781.jpg,1.0,0.14215244352817535
/home/pedro/behavioral-cloning-one-camera/Data/IMG/imagem782.jpg,1.0,0.1601167470216751
/home/pedro/behavioral-cloning-one-camera/Data/IMG/imagem783.jpg,1.0,0.17808105051517487
/home/pedro/behavioral-cloning-one-camera/Data/IMG/imagem784.jpg,1.0,0.18706320226192474
/home/pedro/behavioral-cloning-one-camera/Data/IMG/imagem785.jpg,1.0,0.2050275057554245
/home/pedro/behavioral-cloning-one-camera/Data/IMG/imagem786.jpg,1.0,0.22299180924892426
/home/pedro/behavioral-cloning-one-camera/Data/IMG/imagem787.jpg,1.0,0.23197396099567413
/home/pedro/behavioral-cloning-one-camera/Data/IMG/imagem788.jpg,1.0,0.24997295439243317
/home/pedro/behavioral-cloning-one-camera/Data/IMG/imagem789.jpg,1.0,0.26793724298477173
/home/pedro/behavioral-cloning-one-camera/Data/IMG/imagem790.jpg,1.0,0.2769193947315216
/home/pedro/behavioral-cloning-one-camera/Data/IMG/imagem791.jpg,1.0,0.3128480017185211
/home/pedro/behavioral-cloning-one-camera/Data/IMG/imagem792.jpg,0.9685798287391663,0.33979445695877075
/home/pedro/behavioral-cloning-one-camera/Data/IMG/imagem793.jpg,0.9685798287391663,0.3577587902545929
/home/pedro/behavioral-cloning-one-camera/Data/IMG/imagem794.jpg,0.9506155252456665,0.38470524549484253
/home/pedro/behavioral-cloning-one-camera/Data/IMG/imagem795.jpg,0.9326512217521667,0.4026695489883423
/home/pedro/behavioral-cloning-one-camera/Data/IMG/imagem796.jpg,0.9236690402030945,0.4296160042285919
/home/pedro/behavioral-cloning-one-camera/Data/IMG/imagem797.jpg,0.9057047367095947,0.4296160042285919
/home/pedro/behavioral-cloning-one-camera/Data/IMG/imagem798.jpg,0.8967226147651672,0.4475803077220917
/home/pedro/behavioral-cloning-one-camera/Data/IMG/imagem799.jpg,0.8967226147651672,0.45656245946884155
/home/pedro/behavioral-cloning-one-camera/Data/IMG/imagem800.jpg,0.8787583112716675,0.4745267629623413
/home/pedro/behavioral-cloning-one-camera/Data/IMG/imagem801.jpg,0.8697761297225952,0.4745267629623413
/home/pedro/behavioral-cloning-one-camera/Data/IMG/imagem802.jpg,0.8697761297225952,0.49249106645584106
/home/pedro/behavioral-cloning-one-camera/Data/IMG/imagem803.jpg,0.8518118262290955,0.49249106645584106
/home/pedro/behavioral-cloning-one-camera/Data/IMG/imagem804.jpg,0.8518118262290955,0.5014731884002686
/home/pedro/behavioral-cloning-one-camera/Data/IMG/imagem805.jpg,0.8338475227355957,0.5014731884002686
/home/pedro/behavioral-cloning-one-camera/Data/IMG/imagem806.jpg,0.8338475227355957,0.5194374918937683
/home/pedro/behavioral-cloning-one-camera/Data/IMG/imagem807.jpg,0.8697761297225952,0.5194374918937683
/home/pedro/behavioral-cloning-one-camera/Data/IMG/imagem808.jpg,0.8787583112716675,0.5194374918937683
/home/pedro/behavioral-cloning-one-camera/Data/IMG/imagem809.jpg,0.9057047367095947,0.5194374918937683
/home/pedro/behavioral-cloning-one-camera/Data/IMG/imagem810.jpg,0.9236690402030945,0.5194374918937683
/home/pedro/behavioral-cloning-one-camera/Data/IMG/imagem811.jpg,0.9326512217521667,0.4745267629623413
/home/pedro/behavioral-cloning-one-camera/Data/IMG/imagem812.jpg,0.9506155252456665,0.45656245946884155
/home/pedro/behavioral-cloning-one-camera/Data/IMG/imagem813.jpg,0.9506155252456665,0.4475803077220917
/home/pedro/behavioral-cloning-one-camera/Data/IMG/imagem814.jpg,0.9685798287391663,0.4296160042285919
/home/pedro/behavioral-cloning-one-camera/Data/IMG/imagem815.jpg,0.9775619506835938,0.41165170073509216
/home/pedro/behavioral-cloning-one-camera/Data/IMG/imagem816.jpg,0.9775619506835938,0.38470524549484253
/home/pedro/behavioral-cloning-one-camera/Data/IMG/imagem817.jpg,0.9775619506835938,0.3577587902545929
/home/pedro/behavioral-cloning-one-camera/Data/IMG/imagem818.jpg,0.9955262541770935,0.33979445695877075
/home/pedro/behavioral-cloning-one-camera/Data/IMG/imagem819.jpg,0.9955262541770935,0.3128480017185211
/home/pedro/behavioral-cloning-one-camera/Data/IMG/imagem820.jpg,0.9955262541770935,0.29488369822502136
/home/pedro/behavioral-cloning-one-camera/Data/IMG/imagem821.jpg,0.9955262541770935,0.2769193947315216
/home/pedro/behavioral-cloning-one-camera/Data/IMG/imagem822.jpg,1.0,0.2769193947315216
/home/pedro/behavioral-cloning-one-camera/Data/IMG/imagem823.jpg,1.0,0.26793724298477173
/home/pedro/behavioral-cloning-one-camera/Data/IMG/imagem824.jpg,1.0,0.24997295439243317
/home/pedro/behavioral-cloning-one-camera/Data/IMG/imagem825.jpg,1.0,0.23197396099567413
/home/pedro/behavioral-cloning-one-camera/Data/IMG/imagem826.jpg,1.0,0.22299180924892426
/home/pedro/behavioral-cloning-one-camera/Data/IMG/imagem827.jpg,1.0,0.2050275057554245
/home/pedro/behavioral-cloning-one-camera/Data/IMG/imagem828.jpg,1.0,0.18706320226192474
/home/pedro/behavioral-cloning-one-camera/Data/IMG/imagem829.jpg,1.0,0.17808105051517487
/home/pedro/behavioral-cloning-one-camera/Data/IMG/imagem830.jpg,1.0,0.1601167470216751
/home/pedro/behavioral-cloning-one-camera/Data/IMG/imagem831.jpg,1.0,0.14215244352817535
/home/pedro/behavioral-cloning-one-camera/Data/IMG/imagem832.jpg,1.0,0.13317029178142548
/home/pedro/behavioral-cloning-one-camera/Data/IMG/imagem833.jpg,1.0,0.11520598828792572
/home/pedro/behavioral-cloning-one-camera/Data/IMG/imagem834.jpg,1.0,0.09724168479442596
/home/pedro/behavioral-cloning-one-camera/Data/IMG/imagem835.jpg,1.0,0.08825953304767609
/home/pedro/behavioral-cloning-one-camera/Data/IMG/imagem836.jpg,1.0,0.13317029178142548
/home/pedro/behavioral-cloning-one-camera/Data/IMG/imagem837.jpg,1.0,0.14215244352817535
/home/pedro/behavioral-cloning-one-camera/Data/IMG/imagem838.jpg,1.0,0.1601167470216751
/home/pedro/behavioral-cloning-one-camera/Data/IMG/imagem839.jpg,1.0,0.17808105051517487
/home/pedro/behavioral-cloning-one-camera/Data/IMG/imagem840.jpg,1.0,0.18706320226192474
/home/pedro/behavioral-cloning-one-camera/Data/IMG/imagem841.jpg,1.0,0.2050275057554245
/home/pedro/behavioral-cloning-one-camera/Data/IMG/imagem842.jpg,1.0,0.22299180924892426
/home/pedro/behavioral-cloning-one-camera/Data/IMG/imagem843.jpg,1.0,0.23197396099567413
/home/pedro/behavioral-cloning-one-camera/Data/IMG/imagem844.jpg,1.0,0.24997295439243317
/home/pedro/behavioral-cloning-one-camera/Data/IMG/imagem845.jpg,1.0,0.26793724298477173
/home/pedro/behavioral-cloning-one-camera/Data/IMG/imagem846.jpg,1.0,0.2769193947315216
/home/pedro/behavioral-cloning-one-camera/Data/IMG/imagem847.jpg,1.0,0.29488369822502136
/home/pedro/behavioral-cloning-one-camera/Data/IMG/imagem848.jpg,0.7979189157485962,0.5643482804298401
/home/pedro/behavioral-cloning-one-camera/Data/IMG/imagem849.jpg,0.8787583112716675,0.5284196734428406
/home/pedro/behavioral-cloning-one-camera/Data/IMG/imagem850.jpg,0.8967226147651672,0.5194374918937683
/home/pedro/behavioral-cloning-one-camera/Data/IMG/imagem851.jpg,0.9057047367095947,0.49249106645584106
/home/pedro/behavioral-cloning-one-camera/Data/IMG/imagem852.jpg,0.9236690402030945,0.4745267629623413
/home/pedro/behavioral-cloning-one-camera/Data/IMG/imagem853.jpg,0.9326512217521667,0.45656245946884155
/home/pedro/behavioral-cloning-one-camera/Data/IMG/imagem854.jpg,0.9506155252456665,0.4296160042285919
/home/pedro/behavioral-cloning-one-camera/Data/IMG/imagem855.jpg,0.9685798287391663,0.4296160042285919
/home/pedro/behavioral-cloning-one-camera/Data/IMG/imagem856.jpg,0.9685798287391663,0.41165170073509216
/home/pedro/behavioral-cloning-one-camera/Data/IMG/imagem857.jpg,0.9775619506835938,0.41165170073509216
/home/pedro/behavioral-cloning-one-camera/Data/IMG/imagem858.jpg,0.9775619506835938,0.38470524549484253
/home/pedro/behavioral-cloning-one-camera/Data/IMG/imagem859.jpg,0.9775619506835938,0.3667409420013428
/home/pedro/behavioral-cloning-one-camera/Data/IMG/imagem860.jpg,0.9775619506835938,0.3577587902545929
/home/pedro/behavioral-cloning-one-camera/Data/IMG/imagem861.jpg,0.9955262541770935,0.33979445695877075
/home/pedro/behavioral-cloning-one-camera/Data/IMG/imagem862.jpg,0.9955262541770935,0.321830153465271
/home/pedro/behavioral-cloning-one-camera/Data/IMG/imagem863.jpg,0.9955262541770935,0.3128480017185211
/home/pedro/behavioral-cloning-one-camera/Data/IMG/imagem864.jpg,0.9955262541770935,0.2769193947315216
/home/pedro/behavioral-cloning-one-camera/Data/IMG/imagem865.jpg,0.9955262541770935,0.26793724298477173
/home/pedro/behavioral-cloning-one-camera/Data/IMG/imagem866.jpg,1.0,0.24997295439243317
/home/pedro/behavioral-cloning-one-camera/Data/IMG/imagem867.jpg,1.0,0.22299180924892426
/home/pedro/behavioral-cloning-one-camera/Data/IMG/imagem868.jpg,1.0,0.2050275057554245
/home/pedro/behavioral-cloning-one-camera/Data/IMG/imagem869.jpg,1.0,0.17808105051517487
/home/pedro/behavioral-cloning-one-camera/Data/IMG/imagem870.jpg,1.0,0.1601167470216751
/home/pedro/behavioral-cloning-one-camera/Data/IMG/imagem871.jpg,1.0,0.13317029178142548
/home/pedro/behavioral-cloning-one-camera/Data/IMG/imagem872.jpg,1.0,0.08825953304767609
/home/pedro/behavioral-cloning-one-camera/Data/IMG/imagem873.jpg,1.0,0.052330922335386276
/home/pedro/behavioral-cloning-one-camera/Data/IMG/imagem874.jpg,1.0,0.025384463369846344
/home/pedro/behavioral-cloning-one-camera/Data/IMG/imagem875.jpg,1.0,-0.0
/home/pedro/behavioral-cloning-one-camera/Data/IMG/imagem876.jpg,1.0,-0.0
/home/pedro/behavioral-cloning-one-camera/Data/IMG/imagem877.jpg,1.0,-0.0
/home/pedro/behavioral-cloning-one-camera/Data/IMG/imagem878.jpg,1.0,-0.0
/home/pedro/behavioral-cloning-one-camera/Data/IMG/imagem879.jpg,1.0,-0.0
/home/pedro/behavioral-cloning-one-camera/Data/IMG/imagem880.jpg,1.0,-0.0
/home/pedro/behavioral-cloning-one-camera/Data/IMG/imagem881.jpg,1.0,-0.0
/home/pedro/behavioral-cloning-one-camera/Data/IMG/imagem882.jpg,1.0,-0.0
/home/pedro/behavioral-cloning-one-camera/Data/IMG/imagem883.jpg,1.0,-0.0
/home/pedro/behavioral-cloning-one-camera/Data/IMG/imagem884.jpg,1.0,-0.0
/home/pedro/behavioral-cloning-one-camera/Data/IMG/imagem885.jpg,1.0,-0.0
/home/pedro/behavioral-cloning-one-camera/Data/IMG/imagem886.jpg,1.0,-0.0
/home/pedro/behavioral-cloning-one-camera/Data/IMG/imagem887.jpg,1.0,0.025384463369846344
/home/pedro/behavioral-cloning-one-camera/Data/IMG/imagem888.jpg,1.0,0.052330922335386276
/home/pedro/behavioral-cloning-one-camera/Data/IMG/imagem889.jpg,1.0,0.07029522210359573
/home/pedro/behavioral-cloning-one-camera/Data/IMG/imagem890.jpg,1.0,0.08825953304767609
/home/pedro/behavioral-cloning-one-camera/Data/IMG/imagem891.jpg,1.0,0.09724168479442596
/home/pedro/behavioral-cloning-one-camera/Data/IMG/imagem892.jpg,1.0,0.14215244352817535
/home/pedro/behavioral-cloning-one-camera/Data/IMG/imagem893.jpg,1.0,0.1601167470216751
/home/pedro/behavioral-cloning-one-camera/Data/IMG/imagem894.jpg,1.0,0.17808105051517487
/home/pedro/behavioral-cloning-one-camera/Data/IMG/imagem895.jpg,1.0,0.18706320226192474
/home/pedro/behavioral-cloning-one-camera/Data/IMG/imagem896.jpg,1.0,0.2050275057554245
/home/pedro/behavioral-cloning-one-camera/Data/IMG/imagem897.jpg,1.0,0.22299180924892426
/home/pedro/behavioral-cloning-one-camera/Data/IMG/imagem898.jpg,1.0,0.23197396099567413
/home/pedro/behavioral-cloning-one-camera/Data/IMG/imagem899.jpg,1.0,0.24997295439243317
/home/pedro/behavioral-cloning-one-camera/Data/IMG/imagem900.jpg,1.0,0.26793724298477173
/home/pedro/behavioral-cloning-one-camera/Data/IMG/imagem901.jpg,1.0,0.2769193947315216
/home/pedro/behavioral-cloning-one-camera/Data/IMG/imagem902.jpg,1.0,0.29488369822502136
/home/pedro/behavioral-cloning-one-camera/Data/IMG/imagem903.jpg,1.0,0.3128480017185211
/home/pedro/behavioral-cloning-one-camera/Data/IMG/imagem904.jpg,1.0,0.321830153465271
/home/pedro/behavioral-cloning-one-camera/Data/IMG/imagem905.jpg,0.9685798287391663,0.3577587902545929
/home/pedro/behavioral-cloning-one-camera/Data/IMG/imagem906.jpg,0.9506155252456665,0.3577587902545929
/home/pedro/behavioral-cloning-one-camera/Data/IMG/imagem907.jpg,0.9506155252456665,0.3667409420013428
/home/pedro/behavioral-cloning-one-camera/Data/IMG/imagem908.jpg,0.9326512217521667,0.38470524549484253
/home/pedro/behavioral-cloning-one-camera/Data/IMG/imagem909.jpg,0.9326512217521667,0.4026695489883423
/home/pedro/behavioral-cloning-one-camera/Data/IMG/imagem910.jpg,0.9236690402030945,0.41165170073509216
/home/pedro/behavioral-cloning-one-camera/Data/IMG/imagem911.jpg,0.9236690402030945,0.4296160042285919
/home/pedro/behavioral-cloning-one-camera/Data/IMG/imagem912.jpg,0.8967226147651672,0.4475803077220917
/home/pedro/behavioral-cloning-one-camera/Data/IMG/imagem913.jpg,0.8787583112716675,0.45656245946884155
/home/pedro/behavioral-cloning-one-camera/Data/IMG/imagem914.jpg,0.9326512217521667,0.45656245946884155
/home/pedro/behavioral-cloning-one-camera/Data/IMG/imagem915.jpg,1.0,0.22299180924892426
/home/pedro/behavioral-cloning-one-camera/Data/IMG/imagem916.jpg,1.0,0.17808105051517487
/home/pedro/behavioral-cloning-one-camera/Data/IMG/imagem917.jpg,1.0,0.14215244352817535
/home/pedro/behavioral-cloning-one-camera/Data/IMG/imagem918.jpg,1.0,0.09724168479442596
/home/pedro/behavioral-cloning-one-camera/Data/IMG/imagem919.jpg,1.0,0.07029522210359573
/home/pedro/behavioral-cloning-one-camera/Data/IMG/imagem920.jpg,1.0,0.0433487668633461
/home/pedro/behavioral-cloning-one-camera/Data/IMG/imagem921.jpg,1.0,0.025384463369846344
/home/pedro/behavioral-cloning-one-camera/Data/IMG/imagem922.jpg,1.0,-0.0
/home/pedro/behavioral-cloning-one-camera/Data/IMG/imagem923.jpg,1.0,-0.0
/home/pedro/behavioral-cloning-one-camera/Data/IMG/imagem924.jpg,1.0,-0.0
/home/pedro/behavioral-cloning-one-camera/Data/IMG/imagem925.jpg,1.0,-0.0
/home/pedro/behavioral-cloning-one-camera/Data/IMG/imagem926.jpg,1.0,-0.0
/home/pedro/behavioral-cloning-one-camera/Data/IMG/imagem927.jpg,1.0,-0.0
/home/pedro/behavioral-cloning-one-camera/Data/IMG/imagem928.jpg,1.0,-0.0
/home/pedro/behavioral-cloning-one-camera/Data/IMG/imagem929.jpg,1.0,-0.0
/home/pedro/behavioral-cloning-one-camera/Data/IMG/imagem930.jpg,1.0,-0.0
/home/pedro/behavioral-cloning-one-camera/Data/IMG/imagem931.jpg,1.0,-0.0
/home/pedro/behavioral-cloning-one-camera/Data/IMG/imagem932.jpg,1.0,-0.0
/home/pedro/behavioral-cloning-one-camera/Data/IMG/imagem933.jpg,1.0,-0.0
/home/pedro/behavioral-cloning-one-camera/Data/IMG/imagem934.jpg,1.0,-0.0
/home/pedro/behavioral-cloning-one-camera/Data/IMG/imagem935.jpg,1.0,0.016402311623096466
/home/pedro/behavioral-cloning-one-camera/Data/IMG/imagem936.jpg,1.0,0.0433487668633461
/home/pedro/behavioral-cloning-one-camera/Data/IMG/imagem937.jpg,1.0,0.052330922335386276
/home/pedro/behavioral-cloning-one-camera/Data/IMG/imagem938.jpg,1.0,0.07029522210359573
/home/pedro/behavioral-cloning-one-camera/Data/IMG/imagem939.jpg,1.0,0.09724168479442596
/home/pedro/behavioral-cloning-one-camera/Data/IMG/imagem940.jpg,1.0,0.14215244352817535
/home/pedro/behavioral-cloning-one-camera/Data/IMG/imagem941.jpg,1.0,0.1601167470216751
/home/pedro/behavioral-cloning-one-camera/Data/IMG/imagem942.jpg,1.0,0.18706320226192474
/home/pedro/behavioral-cloning-one-camera/Data/IMG/imagem943.jpg,1.0,0.22299180924892426
/home/pedro/behavioral-cloning-one-camera/Data/IMG/imagem944.jpg,1.0,0.26793724298477173
/home/pedro/behavioral-cloning-one-camera/Data/IMG/imagem945.jpg,1.0,0.29488369822502136
/home/pedro/behavioral-cloning-one-camera/Data/IMG/imagem946.jpg,1.0,0.321830153465271
/home/pedro/behavioral-cloning-one-camera/Data/IMG/imagem947.jpg,0.9685798287391663,0.3577587902545929
/home/pedro/behavioral-cloning-one-camera/Data/IMG/imagem948.jpg,0.9326512217521667,0.41165170073509216
/home/pedro/behavioral-cloning-one-camera/Data/IMG/imagem949.jpg,0.8967226147651672,0.4475803077220917
/home/pedro/behavioral-cloning-one-camera/Data/IMG/imagem950.jpg,0.8967226147651672,0.45656245946884155
/home/pedro/behavioral-cloning-one-camera/Data/IMG/imagem951.jpg,0.8697761297225952,0.4745267629623413
/home/pedro/behavioral-cloning-one-camera/Data/IMG/imagem952.jpg,0.8518118262290955,0.49249106645584106
/home/pedro/behavioral-cloning-one-camera/Data/IMG/imagem953.jpg,0.8338475227355957,0.5194374918937683
/home/pedro/behavioral-cloning-one-camera/Data/IMG/imagem954.jpg,0.8248654007911682,0.5284196734428406
/home/pedro/behavioral-cloning-one-camera/Data/IMG/imagem955.jpg,0.8069010376930237,0.5463839769363403
/home/pedro/behavioral-cloning-one-camera/Data/IMG/imagem956.jpg,0.8069010376930237,0.5643482804298401
/home/pedro/behavioral-cloning-one-camera/Data/IMG/imagem957.jpg,0.7979189157485962,0.5643482804298401
/home/pedro/behavioral-cloning-one-camera/Data/IMG/imagem958.jpg,0.7799546122550964,0.5733304023742676
/home/pedro/behavioral-cloning-one-camera/Data/IMG/imagem959.jpg,0.7799546122550964,0.5912947058677673
/home/pedro/behavioral-cloning-one-camera/Data/IMG/imagem960.jpg,0.7709724307060242,0.6182411909103394
/home/pedro/behavioral-cloning-one-camera/Data/IMG/imagem961.jpg,0.7709724307060242,0.6362401843070984
/home/pedro/behavioral-cloning-one-camera/Data/IMG/imagem962.jpg,0.7530081272125244,0.6542044878005981
/home/pedro/behavioral-cloning-one-camera/Data/IMG/imagem963.jpg,0.7530081272125244,0.6631866097450256
/home/pedro/behavioral-cloning-one-camera/Data/IMG/imagem964.jpg,0.7530081272125244,0.6811509132385254
/home/pedro/behavioral-cloning-one-camera/Data/IMG/imagem965.jpg,0.7979189157485962,0.6811509132385254
/home/pedro/behavioral-cloning-one-camera/Data/IMG/imagem966.jpg,0.7979189157485962,0.6362401843070984
/home/pedro/behavioral-cloning-one-camera/Data/IMG/imagem967.jpg,0.8069010376930237,0.6182411909103394
/home/pedro/behavioral-cloning-one-camera/Data/IMG/imagem968.jpg,0.8069010376930237,0.6092590093612671
/home/pedro/behavioral-cloning-one-camera/Data/IMG/imagem969.jpg,0.8248654007911682,0.6092590093612671
/home/pedro/behavioral-cloning-one-camera/Data/IMG/imagem970.jpg,0.8248654007911682,0.5912947058677673
/home/pedro/behavioral-cloning-one-camera/Data/IMG/imagem971.jpg,0.8338475227355957,0.5912947058677673
/home/pedro/behavioral-cloning-one-camera/Data/IMG/imagem972.jpg,0.8518118262290955,0.5733304023742676
/home/pedro/behavioral-cloning-one-camera/Data/IMG/imagem973.jpg,0.8697761297225952,0.5643482804298401
/home/pedro/behavioral-cloning-one-camera/Data/IMG/imagem974.jpg,0.8787583112716675,0.5463839769363403
/home/pedro/behavioral-cloning-one-camera/Data/IMG/imagem975.jpg,0.8967226147651672,0.5284196734428406
/home/pedro/behavioral-cloning-one-camera/Data/IMG/imagem976.jpg,0.9057047367095947,0.5194374918937683
/home/pedro/behavioral-cloning-one-camera/Data/IMG/imagem977.jpg,0.9057047367095947,0.5014731884002686
/home/pedro/behavioral-cloning-one-camera/Data/IMG/imagem978.jpg,0.9236690402030945,0.49249106645584106
/home/pedro/behavioral-cloning-one-camera/Data/IMG/imagem979.jpg,0.9326512217521667,0.4745267629623413
/home/pedro/behavioral-cloning-one-camera/Data/IMG/imagem980.jpg,0.9506155252456665,0.45656245946884155
/home/pedro/behavioral-cloning-one-camera/Data/IMG/imagem981.jpg,0.9506155252456665,0.4475803077220917
/home/pedro/behavioral-cloning-one-camera/Data/IMG/imagem982.jpg,0.9685798287391663,0.4296160042285919
/home/pedro/behavioral-cloning-one-camera/Data/IMG/imagem983.jpg,0.9685798287391663,0.41165170073509216
/home/pedro/behavioral-cloning-one-camera/Data/IMG/imagem984.jpg,0.9775619506835938,0.38470524549484253
/home/pedro/behavioral-cloning-one-camera/Data/IMG/imagem985.jpg,0.9775619506835938,0.3577587902545929
/home/pedro/behavioral-cloning-one-camera/Data/IMG/imagem986.jpg,0.9955262541770935,0.33979445695877075
/home/pedro/behavioral-cloning-one-camera/Data/IMG/imagem987.jpg,0.9955262541770935,0.321830153465271
/home/pedro/behavioral-cloning-one-camera/Data/IMG/imagem988.jpg,0.9955262541770935,0.29488369822502136
/home/pedro/behavioral-cloning-one-camera/Data/IMG/imagem989.jpg,1.0,0.2769193947315216
/home/pedro/behavioral-cloning-one-camera/Data/IMG/imagem990.jpg,1.0,0.26793724298477173
/home/pedro/behavioral-cloning-one-camera/Data/IMG/imagem991.jpg,1.0,0.24997295439243317
/home/pedro/behavioral-cloning-one-camera/Data/IMG/imagem992.jpg,1.0,0.23197396099567413
/home/pedro/behavioral-cloning-one-camera/Data/IMG/imagem993.jpg,1.0,0.22299180924892426
/home/pedro/behavioral-cloning-one-camera/Data/IMG/imagem994.jpg,1.0,0.2050275057554245
/home/pedro/behavioral-cloning-one-camera/Data/IMG/imagem995.jpg,1.0,0.17808105051517487
/home/pedro/behavioral-cloning-one-camera/Data/IMG/imagem996.jpg,1.0,0.1601167470216751
/home/pedro/behavioral-cloning-one-camera/Data/IMG/imagem997.jpg,1.0,0.14215244352817535
/home/pedro/behavioral-cloning-one-camera/Data/IMG/imagem998.jpg,1.0,0.11520598828792572
/home/pedro/behavioral-cloning-one-camera/Data/IMG/imagem999.jpg,1.0,0.09724168479442596
/home/pedro/behavioral-cloning-one-camera/Data/IMG/imagem1000.jpg,1.0,0.07029522210359573
/home/pedro/behavioral-cloning-one-camera/Data/IMG/imagem1001.jpg,1.0,0.052330922335386276
/home/pedro/behavioral-cloning-one-camera/Data/IMG/imagem1002.jpg,1.0,0.0433487668633461
/home/pedro/behavioral-cloning-one-camera/Data/IMG/imagem1003.jpg,1.0,0.016402311623096466
/home/pedro/behavioral-cloning-one-camera/Data/IMG/imagem1004.jpg,1.0,-0.0
/home/pedro/behavioral-cloning-one-camera/Data/IMG/imagem1005.jpg,1.0,-0.0
/home/pedro/behavioral-cloning-one-camera/Data/IMG/imagem1006.jpg,1.0,-0.0
/home/pedro/behavioral-cloning-one-camera/Data/IMG/imagem1007.jpg,1.0,-0.0
/home/pedro/behavioral-cloning-one-camera/Data/IMG/imagem1008.jpg,1.0,-0.0
/home/pedro/behavioral-cloning-one-camera/Data/IMG/imagem1009.jpg,1.0,-0.0
/home/pedro/behavioral-cloning-one-camera/Data/IMG/imagem1010.jpg,1.0,-0.0
/home/pedro/behavioral-cloning-one-camera/Data/IMG/imagem1011.jpg,1.0,-0.0
/home/pedro/behavioral-cloning-one-camera/Data/IMG/imagem1012.jpg,1.0,-0.0
/home/pedro/behavioral-cloning-one-camera/Data/IMG/imagem1013.jpg,1.0,-0.0
/home/pedro/behavioral-cloning-one-camera/Data/IMG/imagem1014.jpg,1.0,-0.0
/home/pedro/behavioral-cloning-one-camera/Data/IMG/imagem1015.jpg,1.0,-0.0
/home/pedro/behavioral-cloning-one-camera/Data/IMG/imagem1016.jpg,1.0,-0.0
/home/pedro/behavioral-cloning-one-camera/Data/IMG/imagem1017.jpg,1.0,-0.0
/home/pedro/behavioral-cloning-one-camera/Data/IMG/imagem1018.jpg,1.0,-0.0
/home/pedro/behavioral-cloning-one-camera/Data/IMG/imagem1019.jpg,1.0,-0.0
/home/pedro/behavioral-cloning-one-camera/Data/IMG/imagem1020.jpg,1.0,-0.0
/home/pedro/behavioral-cloning-one-camera/Data/IMG/imagem1021.jpg,1.0,-0.0
/home/pedro/behavioral-cloning-one-camera/Data/IMG/imagem1022.jpg,1.0,-0.0
/home/pedro/behavioral-cloning-one-camera/Data/IMG/imagem1023.jpg,1.0,-0.0
/home/pedro/behavioral-cloning-one-camera/Data/IMG/imagem1024.jpg,1.0,-0.007350799161940813
/home/pedro/behavioral-cloning-one-camera/Data/IMG/imagem1025.jpg,1.0,-0.02531510405242443
/home/pedro/behavioral-cloning-one-camera/Data/IMG/imagem1026.jpg,1.0,-0.03429725766181946
/home/pedro/behavioral-cloning-one-camera/Data/IMG/imagem1027.jpg,1.0,-0.052261561155319214
/home/pedro/behavioral-cloning-one-camera/Data/IMG/imagem1028.jpg,1.0,-0.06124371290206909
/home/pedro/behavioral-cloning-one-camera/Data/IMG/imagem1029.jpg,1.0,-0.07920801639556885
/home/pedro/behavioral-cloning-one-camera/Data/IMG/imagem1030.jpg,1.0,-0.0971723198890686
/home/pedro/behavioral-cloning-one-camera/Data/IMG/imagem1031.jpg,1.0,-0.10615447163581848
/home/pedro/behavioral-cloning-one-camera/Data/IMG/imagem1032.jpg,1.0,-0.12411877512931824
/home/pedro/behavioral-cloning-one-camera/Data/IMG/imagem1033.jpg,1.0,-0.142083078622818
/home/pedro/behavioral-cloning-one-camera/Data/IMG/imagem1034.jpg,1.0,-0.02531510405242443
/home/pedro/behavioral-cloning-one-camera/Data/IMG/imagem1035.jpg,1.0,-0.03429725766181946
/home/pedro/behavioral-cloning-one-camera/Data/IMG/imagem1036.jpg,1.0,-0.052261561155319214
/home/pedro/behavioral-cloning-one-camera/Data/IMG/imagem1037.jpg,1.0,-0.12411877512931824
/home/pedro/behavioral-cloning-one-camera/Data/IMG/imagem1038.jpg,1.0,-0.142083078622818
/home/pedro/behavioral-cloning-one-camera/Data/IMG/imagem1039.jpg,0.8697761297225952,-0.47445738315582275
/home/pedro/behavioral-cloning-one-camera/Data/IMG/imagem1040.jpg,0.8697761297225952,-0.4924216866493225
/home/pedro/behavioral-cloning-one-camera/Data/IMG/imagem1041.jpg,0.9057047367095947,-0.4924216866493225
/home/pedro/behavioral-cloning-one-camera/Data/IMG/imagem1042.jpg,0.9506155252456665,-0.4475109279155731
/home/pedro/behavioral-cloning-one-camera/Data/IMG/imagem1043.jpg,0.9685798287391663,-0.4205644726753235
/home/pedro/behavioral-cloning-one-camera/Data/IMG/imagem1044.jpg,0.9775619506835938,-0.39361801743507385
/home/pedro/behavioral-cloning-one-camera/Data/IMG/imagem1045.jpg,0.9955262541770935,-0.35768941044807434
/home/pedro/behavioral-cloning-one-camera/Data/IMG/imagem1046.jpg,0.9955262541770935,-0.3307429552078247
/home/pedro/behavioral-cloning-one-camera/Data/IMG/imagem1047.jpg,1.0,-0.26786789298057556
/home/pedro/behavioral-cloning-one-camera/Data/IMG/imagem1048.jpg,1.0,-0.2139403074979782
/home/pedro/behavioral-cloning-one-camera/Data/IMG/imagem1049.jpg,1.0,-0.18699383735656738
/home/pedro/behavioral-cloning-one-camera/Data/IMG/imagem1050.jpg,1.0,-0.15106523036956787
/home/pedro/behavioral-cloning-one-camera/Data/IMG/imagem1051.jpg,1.0,-0.0
/home/pedro/behavioral-cloning-one-camera/Data/IMG/imagem1052.jpg,1.0,-0.0
/home/pedro/behavioral-cloning-one-camera/Data/IMG/imagem1053.jpg,1.0,-0.0
/home/pedro/behavioral-cloning-one-camera/Data/IMG/imagem1054.jpg,0.9955262541770935,-0.35768941044807434
/home/pedro/behavioral-cloning-one-camera/Data/IMG/imagem1055.jpg,0.9955262541770935,-0.34870725870132446
/home/pedro/behavioral-cloning-one-camera/Data/IMG/imagem1056.jpg,1.0,-0.23190461099147797
/home/pedro/behavioral-cloning-one-camera/Data/IMG/imagem1057.jpg,1.0,-0.16902953386306763
/home/pedro/behavioral-cloning-one-camera/Data/IMG/imagem1058.jpg,1.0,-0.15106523036956787
/home/pedro/behavioral-cloning-one-camera/Data/IMG/imagem1059.jpg,1.0,-0.0
/home/pedro/behavioral-cloning-one-camera/Data/IMG/imagem1060.jpg,1.0,-0.0
/home/pedro/behavioral-cloning-one-camera/Data/IMG/imagem1061.jpg,1.0,-0.0
/home/pedro/behavioral-cloning-one-camera/Data/IMG/imagem1062.jpg,1.0,-0.0
/home/pedro/behavioral-cloning-one-camera/Data/IMG/imagem1063.jpg,1.0,0.29488369822502136
/home/pedro/behavioral-cloning-one-camera/Data/IMG/imagem1064.jpg,0.9506155252456665,0.3667409420013428
/home/pedro/behavioral-cloning-one-camera/Data/IMG/imagem1065.jpg,0.9506155252456665,0.38470524549484253
/home/pedro/behavioral-cloning-one-camera/Data/IMG/imagem1066.jpg,0.9326512217521667,0.4026695489883423
/home/pedro/behavioral-cloning-one-camera/Data/IMG/imagem1067.jpg,0.9057047367095947,0.4296160042285919
/home/pedro/behavioral-cloning-one-camera/Data/IMG/imagem1068.jpg,0.8967226147651672,0.4475803077220917
/home/pedro/behavioral-cloning-one-camera/Data/IMG/imagem1069.jpg,0.8787583112716675,0.45656245946884155
/home/pedro/behavioral-cloning-one-camera/Data/IMG/imagem1070.jpg,0.8338475227355957,0.5014731884002686
/home/pedro/behavioral-cloning-one-camera/Data/IMG/imagem1071.jpg,0.8697761297225952,0.5014731884002686
/home/pedro/behavioral-cloning-one-camera/Data/IMG/imagem1072.jpg,0.8787583112716675,0.5014731884002686
/home/pedro/behavioral-cloning-one-camera/Data/IMG/imagem1073.jpg,0.9236690402030945,0.5014731884002686
/home/pedro/behavioral-cloning-one-camera/Data/IMG/imagem1074.jpg,0.9326512217521667,0.45656245946884155
/home/pedro/behavioral-cloning-one-camera/Data/IMG/imagem1075.jpg,0.9326512217521667,0.4475803077220917
/home/pedro/behavioral-cloning-one-camera/Data/IMG/imagem1076.jpg,0.9506155252456665,0.4296160042285919
/home/pedro/behavioral-cloning-one-camera/Data/IMG/imagem1077.jpg,1.0,0.2769193947315216
/home/pedro/behavioral-cloning-one-camera/Data/IMG/imagem1078.jpg,0.9506155252456665,0.3667409420013428
/home/pedro/behavioral-cloning-one-camera/Data/IMG/imagem1079.jpg,0.9506155252456665,0.38470524549484253
/home/pedro/behavioral-cloning-one-camera/Data/IMG/imagem1080.jpg,0.8967226147651672,0.4475803077220917
/home/pedro/behavioral-cloning-one-camera/Data/IMG/imagem1081.jpg,0.8787583112716675,0.45656245946884155
/home/pedro/behavioral-cloning-one-camera/Data/IMG/imagem1082.jpg,0.9236690402030945,0.45656245946884155
/home/pedro/behavioral-cloning-one-camera/Data/IMG/imagem1083.jpg,0.9326512217521667,0.45656245946884155
/home/pedro/behavioral-cloning-one-camera/Data/IMG/imagem1084.jpg,0.9506155252456665,0.45656245946884155
/home/pedro/behavioral-cloning-one-camera/Data/IMG/imagem1085.jpg,0.9685798287391663,0.4026695489883423
/home/pedro/behavioral-cloning-one-camera/Data/IMG/imagem1086.jpg,0.9685798287391663,0.3667409420013428
/home/pedro/behavioral-cloning-one-camera/Data/IMG/imagem1087.jpg,0.9775619506835938,0.3577587902545929
/home/pedro/behavioral-cloning-one-camera/Data/IMG/imagem1088.jpg,0.9775619506835938,0.321830153465271
/home/pedro/behavioral-cloning-one-camera/Data/IMG/imagem1089.jpg,0.9775619506835938,0.29488369822502136
/home/pedro/behavioral-cloning-one-camera/Data/IMG/imagem1090.jpg,0.9955262541770935,0.26793724298477173
/home/pedro/behavioral-cloning-one-camera/Data/IMG/imagem1091.jpg,0.9955262541770935,0.23197396099567413
/home/pedro/behavioral-cloning-one-camera/Data/IMG/imagem1092.jpg,1.0,0.17808105051517487
/home/pedro/behavioral-cloning-one-camera/Data/IMG/imagem1093.jpg,1.0,0.1601167470216751
/home/pedro/behavioral-cloning-one-camera/Data/IMG/imagem1094.jpg,1.0,0.13317029178142548
/home/pedro/behavioral-cloning-one-camera/Data/IMG/imagem1095.jpg,1.0,0.09724168479442596
/home/pedro/behavioral-cloning-one-camera/Data/IMG/imagem1096.jpg,1.0,0.07029522210359573
/home/pedro/behavioral-cloning-one-camera/Data/IMG/imagem1097.jpg,1.0,0.052330922335386276
/home/pedro/behavioral-cloning-one-camera/Data/IMG/imagem1098.jpg,1.0,0.0433487668633461
/home/pedro/behavioral-cloning-one-camera/Data/IMG/imagem1099.jpg,1.0,0.025384463369846344
/home/pedro/behavioral-cloning-one-camera/Data/IMG/imagem1100.jpg,1.0,0.016402311623096466
/home/pedro/behavioral-cloning-one-camera/Data/IMG/imagem1101.jpg,1.0,-0.0
/home/pedro/behavioral-cloning-one-camera/Data/IMG/imagem1102.jpg,1.0,-0.0
/home/pedro/behavioral-cloning-one-camera/Data/IMG/imagem1103.jpg,1.0,-0.0
/home/pedro/behavioral-cloning-one-camera/Data/IMG/imagem1104.jpg,1.0,-0.0
/home/pedro/behavioral-cloning-one-camera/Data/IMG/imagem1105.jpg,1.0,-0.0
/home/pedro/behavioral-cloning-one-camera/Data/IMG/imagem1106.jpg,1.0,-0.0
/home/pedro/behavioral-cloning-one-camera/Data/IMG/imagem1107.jpg,1.0,-0.0
/home/pedro/behavioral-cloning-one-camera/Data/IMG/imagem1108.jpg,1.0,-0.0
/home/pedro/behavioral-cloning-one-camera/Data/IMG/imagem1109.jpg,1.0,0.016402311623096466
/home/pedro/behavioral-cloning-one-camera/Data/IMG/imagem1110.jpg,1.0,0.025384463369846344
/home/pedro/behavioral-cloning-one-camera/Data/IMG/imagem1111.jpg,1.0,0.0433487668633461
/home/pedro/behavioral-cloning-one-camera/Data/IMG/imagem1112.jpg,1.0,0.052330922335386276
/home/pedro/behavioral-cloning-one-camera/Data/IMG/imagem1113.jpg,1.0,0.07029522210359573
/home/pedro/behavioral-cloning-one-camera/Data/IMG/imagem1114.jpg,1.0,0.08825953304767609
/home/pedro/behavioral-cloning-one-camera/Data/IMG/imagem1115.jpg,1.0,0.11520598828792572
/home/pedro/behavioral-cloning-one-camera/Data/IMG/imagem1116.jpg,1.0,0.13317029178142548
/home/pedro/behavioral-cloning-one-camera/Data/IMG/imagem1117.jpg,1.0,0.1601167470216751
/home/pedro/behavioral-cloning-one-camera/Data/IMG/imagem1118.jpg,1.0,0.17808105051517487
/home/pedro/behavioral-cloning-one-camera/Data/IMG/imagem1119.jpg,1.0,0.18706320226192474
/home/pedro/behavioral-cloning-one-camera/Data/IMG/imagem1120.jpg,1.0,0.2050275057554245
/home/pedro/behavioral-cloning-one-camera/Data/IMG/imagem1121.jpg,1.0,0.23197396099567413
/home/pedro/behavioral-cloning-one-camera/Data/IMG/imagem1122.jpg,1.0,0.24997295439243317
/home/pedro/behavioral-cloning-one-camera/Data/IMG/imagem1123.jpg,1.0,0.2769193947315216
/home/pedro/behavioral-cloning-one-camera/Data/IMG/imagem1124.jpg,1.0,0.29488369822502136
/home/pedro/behavioral-cloning-one-camera/Data/IMG/imagem1125.jpg,0.9685798287391663,0.3128480017185211
/home/pedro/behavioral-cloning-one-camera/Data/IMG/imagem1126.jpg,0.9685798287391663,0.33979445695877075
/home/pedro/behavioral-cloning-one-camera/Data/IMG/imagem1127.jpg,0.9506155252456665,0.3577587902545929
/home/pedro/behavioral-cloning-one-camera/Data/IMG/imagem1128.jpg,0.9326512217521667,0.3667409420013428
/home/pedro/behavioral-cloning-one-camera/Data/IMG/imagem1129.jpg,0.9326512217521667,0.38470524549484253
/home/pedro/behavioral-cloning-one-camera/Data/IMG/imagem1130.jpg,0.9326512217521667,0.4026695489883423
/home/pedro/behavioral-cloning-one-camera/Data/IMG/imagem1131.jpg,0.9236690402030945,0.41165170073509216
/home/pedro/behavioral-cloning-one-camera/Data/IMG/imagem1132.jpg,0.8967226147651672,0.4296160042285919
/home/pedro/behavioral-cloning-one-camera/Data/IMG/imagem1133.jpg,0.8967226147651672,0.4475803077220917
/home/pedro/behavioral-cloning-one-camera/Data/IMG/imagem1134.jpg,0.8787583112716675,0.4475803077220917
/home/pedro/behavioral-cloning-one-camera/Data/IMG/imagem1135.jpg,0.8787583112716675,0.45656245946884155
/home/pedro/behavioral-cloning-one-camera/Data/IMG/imagem1136.jpg,0.8697761297225952,0.45656245946884155
/home/pedro/behavioral-cloning-one-camera/Data/IMG/imagem1137.jpg,0.8697761297225952,0.4745267629623413
/home/pedro/behavioral-cloning-one-camera/Data/IMG/imagem1138.jpg,0.8518118262290955,0.4745267629623413
/home/pedro/behavioral-cloning-one-camera/Data/IMG/imagem1139.jpg,0.8518118262290955,0.49249106645584106
/home/pedro/behavioral-cloning-one-camera/Data/IMG/imagem1140.jpg,0.8338475227355957,0.49249106645584106
/home/pedro/behavioral-cloning-one-camera/Data/IMG/imagem1141.jpg,0.8697761297225952,0.49249106645584106
/home/pedro/behavioral-cloning-one-camera/Data/IMG/imagem1142.jpg,0.8787583112716675,0.49249106645584106
/home/pedro/behavioral-cloning-one-camera/Data/IMG/imagem1143.jpg,0.8967226147651672,0.49249106645584106
/home/pedro/behavioral-cloning-one-camera/Data/IMG/imagem1144.jpg,0.9236690402030945,0.49249106645584106
/home/pedro/behavioral-cloning-one-camera/Data/IMG/imagem1145.jpg,0.9236690402030945,0.45656245946884155
/home/pedro/behavioral-cloning-one-camera/Data/IMG/imagem1146.jpg,0.9326512217521667,0.4475803077220917
/home/pedro/behavioral-cloning-one-camera/Data/IMG/imagem1147.jpg,0.9506155252456665,0.4296160042285919
/home/pedro/behavioral-cloning-one-camera/Data/IMG/imagem1148.jpg,0.9506155252456665,0.41165170073509216
/home/pedro/behavioral-cloning-one-camera/Data/IMG/imagem1149.jpg,0.9685798287391663,0.4026695489883423
/home/pedro/behavioral-cloning-one-camera/Data/IMG/imagem1150.jpg,0.9685798287391663,0.3667409420013428
/home/pedro/behavioral-cloning-one-camera/Data/IMG/imagem1151.jpg,0.9775619506835938,0.3577587902545929
/home/pedro/behavioral-cloning-one-camera/Data/IMG/imagem1152.jpg,0.9775619506835938,0.33979445695877075
/home/pedro/behavioral-cloning-one-camera/Data/IMG/imagem1153.jpg,0.9775619506835938,0.321830153465271
/home/pedro/behavioral-cloning-one-camera/Data/IMG/imagem1154.jpg,0.9955262541770935,0.29488369822502136
/home/pedro/behavioral-cloning-one-camera/Data/IMG/imagem1155.jpg,0.9955262541770935,0.2769193947315216
/home/pedro/behavioral-cloning-one-camera/Data/IMG/imagem1156.jpg,0.9955262541770935,0.26793724298477173
/home/pedro/behavioral-cloning-one-camera/Data/IMG/imagem1157.jpg,0.9955262541770935,0.24997295439243317
/home/pedro/behavioral-cloning-one-camera/Data/IMG/imagem1158.jpg,1.0,0.23197396099567413
/home/pedro/behavioral-cloning-one-camera/Data/IMG/imagem1159.jpg,1.0,0.22299180924892426
/home/pedro/behavioral-cloning-one-camera/Data/IMG/imagem1160.jpg,1.0,0.2050275057554245
/home/pedro/behavioral-cloning-one-camera/Data/IMG/imagem1161.jpg,1.0,0.18706320226192474
